match_id,source,url,text
1,espn,https://www.espn.co.uk/football/match/_/gameId/220076/birmingham-city-manchester-united,"50%
Possession
13
Shots on Goal
4
20
Shots
12
11
Fouls Committed
8
1
Yellow Cards
0
Red Cards
2
Corners Won
3
Saves
6"
1,bbc,http://news.bbc.co.uk/sport2/hi/football/eng_prem/7163892.stm,"| 
				
				Carlos Tevez celebrates his ninth United goal in unorthodox fashion | 
		
		
	
	
Carlos Tevez scored the only goal as Manchester United secured a narrow victory to stay two points behind Premier League leaders Arsenal.
Tevez's overhead kick and a Cristiano Ronaldo back-heel carved open the Blues defence and the Argentine calmly slotted home the winner on 25 minutes.
Cameron Jerome was down injured then but Birmingham complaints were limited.
Tevez, who went off late on with an ankle injury, also hit the woodwork twice while the Blues never gave up.
    
	
	
	
	
	
    
    
	
	
	
	
	
    
United manager Sir Alex Ferguson, sat in the stands to serve out his two-match touchline ban, made five changes to his starting line-up.
Ronaldo partnered Tevez in the centre of attack with Wayne Rooney still absent with a virus and Ryan Giggs not even on the bench.
Birmingham boss Alex McLeish - once a protege of Ferguson in their days together at Aberdeen - started with two up front.
	
	
		    
			    
				
				
			            |  | 
			                            606: DEBATE
			                         | 
				
				
			    
			
	
Jerome, partnering Gary O'Connor, heeded the positive mantra of his boss and scorched a long-range effort over Tomasz Kuszczak's bar within 60 seconds.
But Ronaldo soon set about making amends for his penalty miss in the defeat against West Ham on Saturday.
After five minutes, he smuggled the ball through to the onrushing Patrice Evra who whipped the ball across the box from the left for Tevez to head against the foot of Maik Taylor's post from three yards.
With Birmingham's midfield struggling to win possession, United's creative players bossed the tempo.
The inevitable goal came when Tevez dropped deep to flip a pass over his head for Ronaldo, who controlled the ball and instantly back-heeled it into the path of the Argentine.
Tevez, having pulled Liam Ridgewell and Rahdi Jaidi out of position, marched into the space and clinically passed the ball past Taylor into the corner of the goal.
It was his eighth league goal this season and he celebrated in bizarre style - sucking on a pink baby's dummy.
But 15th-placed Birmingham fought to find their way back into the game and, helped by the jitters of United's defence, carved out a couple of opportunities.
	
		
			| 
				
				Birmingham fought hard against a below-par Manchester United | 
		
		
	
	
A Rio Ferdinand error and Fabrice Muamba's clever switch of play twice gave Gary McSheffrey time and space around the United box, yet he blazed shots high and wide.
No personnel changes were made at half-time and neither did the pattern of play alter.
Making his first United start since March, South Korea international Park Ji-sung raced to the byeline on 55 minutes to deliver a wicked cross onto the head of a leaping Ronaldo.
The Portuguese headed downwards powerfully but a superb reaction stop from the feet of Taylor kept the ball out and Birmingham in the game.
Minutes later Tevez crashed a shot against the post and a posse of Birmingham defenders bravely kept out Ronaldo's follow-up attempt.
The one-way traffic continued with Tevez and Ronaldo orchestrating a 15-minute onslaught.
Yet Birmingham brought on Mikael Forsell for Jerome and he swiftly helped remind United of the slenderness of their advantage as City enjoyed their best spell.
First, he worked space for O'Connor to place a decent effort on target, before shooting hard and low himself without success.
With minutes remaining, Forsell found space but scuffed a shot wide with team-mates better placed to his right before United played the clock down for an important victory.
Manchester United defender Rio Ferdinand:
""It was good to get back to winning ways and take the three points. I'm pleased with the clean sheet after we gave away two sloppy goals against West Ham.
""It is disappointing not to get more goals, but it's the win that counts.
""We weren't nervous at the end and we know in certain games we have to defend 1-0 leads. 
""It doesn't matter what Arsenal do. It we continue grinding out results then we know we have the players who can do the damage up front.""
Birmingham manager Alex McLeish:
""They looked as if they would score every time they went up the pitch but I really felt we could nick something. 
""We had a really good start to the game and got into a number of good positions but just couldn't hit the target.
""The United fans whistling for the final whistle was like music to my ears but we just couldn't make the breakthrough.
""If we can add two or three players in the transfer window to help the players then that will be fantastic. The players know it's not a threat to them.""
Man Utd: Kuszczak, O'Shea, Ferdinand, Vidic, Evra (Brown 84), Ronaldo, Anderson, Carrick, Nani, Park (Hargreaves 75), Tevez (Saha 71).
Subs Not Used: Heaton, Pique.
Booked: Brown.
Goals: Tevez 25.
Birmingham: Maik Taylor, Kelly, Jaidi, Ridgewell, Queudrue, McSheffrey (De Ridder 67), Nafti (Palacios 81), Muamba, Larsson, Jerome (Forssell 67), O'Connor.
Subs Not Used: Doyle, Parnaby.
Booked: Ridgewell, Queudrue, Nafti, Palacios.
Att: 75,459
Ref: Peter Walton (Northamptonshire). 
BBC Sport Player Rater man of the match: Manchester United's Carlos Tevez 8.15
Please note that you can still give the players marks out of 10 on BBC Sport's Player Rater after the match has finished.
		
                    	
		
	
	
 
Bookmark with:
What are these?"
1,skysports,https://www.skysports.com/football/manchester-united-vs-birmingham-city/teams/94538,"Manchester United vs Birmingham City; Premier League
                        Full Time
                        After Extra Time
                        This is a live match.
                        Extra Time
                        Half Time
                      
                
                      Manchester United vs Birmingham City. Premier League.
Old TraffordAttendance75,459.
                
                
        
                        
        
                            Teams
                
                    
        
                
        
        
            Man Utd
- 0
- R Ferdinand
- 0
- M Carrick
- 0
- J O'Shea
- 0
- P Evra
- 0
- J Park
- 0
- C Ronaldo
- 0
- N Vidic
- 0
- T Kuszczak
- 0
- Nani
- 0
- C Tévez
- 0
- Anderson
Substitutes
- 0
- L Saha
- 0
- W Brown
- 0
- O Hargreaves
- 0
- G Piqué
- 0
- T Heaton
Birmingham
- 0
- G McSheffrey
- 0
- G O'Connor
- 0
- F Queudrue
- 0
- L Ridgewell
- 0
- S Kelly
- 0
- M Nafti
- 0
- R Jaidi
- 0
- M Taylor
- 0
- C Jerome
- 0
- S Larsson
- 0
- F Muamba
Substitutes
- 0
- M Forssell
- 0
- S Parnaby
- 0
- D de Ridder
- 0
- C Doyle
- 0
- W Palacios
Match Officials
- P Walton"
1,espn,https://www.espn.co.uk/football/report/_/gameId/220076,"Skip to main content
Skip to navigation
ESPN
Football
Football
NFL
NFL
NBA
NBA
F1
F1
Rugby
Rugby
MMA
MMA
Cricket
Cricket
More Sports
More Sports
Disney Plus
Fantasy
Fantasy
Search
Man United v Birmingham
Premier League
Manchester United
Man United
MAN
15-3-3
, 48 PTS
1
15-3-3
, 48 PTS
FT
Birmingham City
Birmingham
BIR
5-4-12
, 19 PTS
0
5-4-12
, 19 PTS
Carlos Tevez - 25'
Gamecast
Commentary
No Story Available"
2,espn,https://www.espn.co.uk/football/match/_/gameId/242601/hull-city-manchester-united,"53%
Possession
47%
9
Shots on Goal
7
22
Shots
12
13
Fouls Committed
2
Yellow Cards
0
Red Cards
Corners Won
1
4
Saves
5"
2,bbc,http://news.bbc.co.uk/sport2/hi/football/eng_prem/7684745.stm,"Ronaldo has scored twice in each of his last two games
Manchester United survived a late rally by Hull to move up to third place in the Premier League.
Cristiano Ronaldo opened the scoring with a low strike before Daniel Cousin headed Hull level at the near post.
Michael Carrick struck from 20 yards, Ronaldo headed in a corner and Nemanja Vidic volleyed home as United led 4-1.
But Bernard Mendy lobbed Edwin van der Sar, and when Mendy was fouled by Rio Ferdinand, Geovanni converted the penalty to set up a grandstand finish.
Hull started the match two points ahead of their opponents and defending an unbeaten away record in the Premier League but Phil Brown's team were outclassed by their illustrious and expensively assembled opponents for most of the game.
Phelan hails 'fantastic' game
Following the defeat against Chelsea on Wednesday, it was the first time the Tigers have lost successive games since their promotion to the Premier League.
However, Hull continued to show the desire and willingness to compete that has already brought them 20 points - and in doing so came closer than at one point seemed possible to taking something from the match.
Despite the late scare, United have really started to find their form after a quiet start to the season and have now won eight of their last nine fixtures while playing with increasing style and verve.
Against Hull it was as if the United forwards, energised and challenged by a sublime piece of play from Dimitar Berbatov against West Ham on Wednesday, were all trying to showcase their talents.
Ronaldo used the bottom of his boot to cushion a long ball into the path of Berbatov in only the third minute.
The Bulgarian's cross-cum-shot was controlled by Ronaldo, whose shot on the turn with his left foot went in off the post.
With the goal coming so early, the situation looked ominous for the visiting team, but United were guilty of over-playing time and again, with flicks, feints and elaborate turns the order of the day despite their slender lead.
Occasionally a Hull player was made to look foolish - one turn from Berbatov leaving George Boateng chasing shadows while Ronaldo picked out a team-mate despite looking in the other direction.
We gave Man Utd too much respect - Brown
But the visiting team would not be cowed, chasing and challenging their illustrious opponents.
And the Tigers stunned the vast majority of the crowd when Cousin brilliantly headed his team level at the near post from Andy Dawson's free-kick.
United's electrifying play suddenly acquired a great deal more potency and a swift break culminated in Berbatov passing to Carrick, whose precise low strike with his left foot also went in off the post.
The home team effectively sealed victory shortly before the break when Ronaldo headed the third from Nani's corner, the ball taking a slight deflection off Paul McShane.
Berbatov shot across goal and wide shortly after the resumption while Ronaldo dallied after being played clean through and Kamil Zayatte made a brilliant block.
But poor defending allowed a corner to reach Vidic low down and he guided the ball past Myhill, who should have done better.
It was starting to look like a case of damage limitation for the Tigers - but it was Hull who scored next.
Substitute Mendy brilliantly lobbed the ball over the advancing Van der Sar. Vidic almost pulled off a brilliant clearance but the linesman correctly ruled the ball had crossed the goal-line before the Serb booted it clear.
Myhill saved a venomous strike from Rooney but Hull's never-say-die spirit ensured a dramatic final few minutes. Mendy was brought down by Ferdinand and Geovanni made no mistake from the spot.
Rooney, for one, was flustered and was lucky to stay on the field after a couple of dangerous tackles in very quick succession. He was booked for the second of them.
Man Utd: Van der Sar, Neville, Ferdinand, Vidic, Evra, Ronaldo, Carrick (Giggs 72), Anderson (O'Shea 88), Nani (Tevez 64), Berbatov, Rooney.
Subs Not Used: Foster, Park, Rafael Da Silva, Fletcher.
Booked: Rooney, Tevez.
Goals: Ronaldo 3, Carrick 29, Ronaldo 44, Vidic 57.
Bookmark with:
What are these?"
3,espn,https://www.espn.co.uk/football/match/_/gameId/441005/wycombe-wanderers-aston-villa,"Skip to main content
Skip to navigation
ESPN
Football
Football
NFL
NFL
NBA
NBA
F1
F1
Rugby
Rugby
MMA
MMA
Cricket
Cricket
More Sports
More Sports
Disney Plus
Fantasy
Fantasy
Search
Aston Villa v Wycombe
English FA Cup, Round 3
Aston Villa
Aston Villa
AVL
2
FT
Wycombe Wanderers
Wycombe
WYC
0
Ciaran Clark - 75'
Idrissa Gueye - 90'
Gamecast
Recap
Commentary
Getty Images
Aston Villa 2-0 Wycombe: Clark, Gana net
Late goals from Ciaran Clark and Idrissa Gana spared Aston Villa's blushes for a second time as the Premier League strugglers overcame Wycombe 2-0.
May 17, 2023, 06:06 am - PA Sport
Match Timeline
AVL
KO
HT
FT
WYC
Data is currently unavailable."
3,bbc,https://www.bbc.co.uk/sport/football/35289310,"Aston Villa edged past League Two Wycombe to book a fourth-round FA Cup tie at home against fellow Premier League side Manchester City.
Wycombe went close when Garry Thompson headed over after keeper Brad Guzan missed a cross and also nodded over when unmarked.
But Villa defender Ciaran Clark opened the scoring for Villa when he headed in an Ashley Westwood cross.
And Idrissa Gueye guided in a second to ensure the hosts progressed.
Boos at half-time but Villa survive
Villa are marooned at the bottom of the Premier League and the club's battle against relegation might have been behind the decision of manager Remi Garde to make nine changes from Saturday's draw with Leicester.
Garde's team have improved in their last two league games but they were quickly on the back foot against Wycombe.
There were even a smattering of boos from the home fans at a sparsely populated Villa Park at the half-time whistle.
Villa showed more energy and urgency after the break, with Scott Sinclair the main catalyst for Garde's team.
He shot wide before another strike was blocked by a last ditch Aaron Pierre challenge.
Jordan Ayew headed wide for the hosts, but last season's finalists finally broke the deadlock through Clark, with Gueye's late goal sealing the win.
Wycombe pay for missed chances
Wycombe might be seventh in League Two but they made light of the two-division gap between the sides.
They had their hosts on the backfoot when Sam Wood went close with a powerful shot which was well saved by Guzan.
However, Guzan did not cover himself in glory when he missed a Joe Jacobson cross, only to have his blushes saved when Thompson headed over an empty net.
The midfielder put another chance high when well-placed as the visitors struggled to maintain the pace.
'Wycombe gave us some tough moments'
Aston Villa manager Remi Garde: ""The most important thing was to win and go through. We've been professional. It was not always easy.
""I have to congratulate Wycombe. Over the two games, they gave us some tough moments.
""That is the fourth game in a row we are not losing, which is very good for momentum. With the run we are on currently, we're very hopeful for the rest of the season.""
Wycombe boss Gareth Ainsworth: ""We've got players who are destined for bigger things and, when they put in a performance like that, it makes me a proud man.
""The Wycombe fans were fantastic. They sang even louder when we went 1-0 down.""
The stats you need to know
- Aston Villa have now come through each of their last eight FA Cup ties against fourth-tier opposition, stretching back to January 1974. 
- Gueye scored his first goal for Aston Villa in his 21st appearance for the club. 
What next?
It's a Midlands derby for Villa as the top-flight's bottom club travel to West Brom in the Premier League, while Wycombe host fellow promotion hopefuls Leyton Orient.
- Published14 January 2016
 
- Published9 December 2015
 
- Published9 January 2016"
3,skysports,https://www.skysports.com/football/aston-villa-vs-wycombe-wanderers/stats/353732,"Aston Villa vs Wycombe Wanderers; The FA Cup Third Round
                        Full Time
                        After Extra Time
                        This is a live match.
                        Extra Time
                        Half Time
                      
                
                      Aston Villa vs Wycombe Wanderers. The FA Cup Third Round.
Villa ParkAttendance20,706.
Match Stats
Defensive
Goalkeeper saves
              
              1
              
            
            
              
              5
              
            
            
          
                    
                    
            
                            
            
                                Form
                    
                        
            
                    
            
            
                Aston Villa
                    2 - 1
                                    
                                    vs
                                    
                                      Man City
                                      (a)
                                    
                                    24 May 2026 
                                    Premier League
                                  
                    3 - 0
                                    
                                    vs
                                    
                                      Freiburg
                                      (a)
                                    
                                    20 May 2026 
                                    UEFA Europa League Final
                                  
                                      4 - 2
                                                      
                                    vs
                                    
                                      Liverpool
                                      (h)
                                    
                                    15 May 2026 
                                    Premier League
                                  
                    2 - 2
                                    
                                    vs
                                    
                                      Burnley
                                      (a)
                                    
                                    10 May 2026 
                                    Premier League
                                  
                                      4 - 0
                                                      
                                    vs
                                    
                                      N Forest
                                      (h)
                                    
                                    7 May 2026 
                                    UEFA Europa League Semi-Final
                                  
                                      1 - 2
                                                      
                                    vs
                                    
                                      Spurs
                                      (h)
                                    
                                    3 May 2026 
                                    Premier League
                                  Wycombe
                                      3 - 2
                                                      
                                    vs
                                    
                                      Rotherham
                                      (h)
                                    
                                    2 May 2026 
                                    Sky Bet League One
                                  
                    3 - 4
                                    
                                    vs
                                    
                                      Lincoln 
                                      (a)
                                    
                                    25 Apr 2026 
                                    Sky Bet League One
                                  
                                      0 - 1
                                                      
                                    vs
                                    
                                      Blackpool
                                      (h)
                                    
                                    18 Apr 2026 
                                    Sky Bet League One
                                  
                    3 - 3
                                    
                                    vs
                                    
                                      Huddsf'ld
                                      (a)
                                    
                                    11 Apr 2026 
                                    Sky Bet League One
                                  
                                      1 - 2
                                                      
                                    vs
                                    
                                      Bradford
                                      (h)
                                    
                                    6 Apr 2026 
                                    Sky Bet League One
                                  
                    0 - 3
                                    
                                    vs
                                    
                                      Stockport
                                      (a)
                                    
                                    3 Apr 2026 
                                    Sky Bet League One"
3,espn,https://www.espn.co.uk/football/match/_/gameId/438636/aston-villa-wycombe-wanderers,"Wycombe v Aston Villa
English FA Cup, Round 3
Joe Jacobson - 50' Pen
Micah Richards - 22'
Match Timeline
KOHTFT
Team Stats
35%
Possession
65%
2
Shots on Goal
4
9
Shots
18
15
Fouls Committed
4
2
Yellow Cards
1
0
Red Cards
0
6
Corners Won
7
3
Saves
1
Data is currently unavailable.
© ESPN Enterprises, Inc. All rights reserved."
4,espn,https://www.espn.co.uk/football/match/_/gameId/478700/celta-vigo-manchester-united,"Man United v Celta Vigo
UEFA Europa League, Semifinals
Marouane Fellaini - 17'
Eric Bailly - 87'
Facundo Roncaglia - 85'
Facundo Roncaglia - 88'
2nd Leg - Manchester United win 2-1 on aggregate
Match Timeline
KOHTFT
Team Stats
33%
Possession
67%
4
Shots on Goal
6
11
Shots
16
19
Fouls Committed
20
2
Yellow Cards
3
1
Red Cards
1
4
Corners Won
8
5
Saves
3
Data is currently unavailable.
© ESPN Enterprises, Inc. All rights reserved."
4,guardian,https://www.theguardian.com/football/live/2017/may/04/celta-vigo-v-manchester-united-europa-league-semi-final-first-leg-live,"Match report:
- Rashford nets with delicious freekick
- United fluff several other chances
- Celta look blunt
Thu 4 May 2017 21.59 BST
First published on Thu 4 May 2017 19.00 BSTThu 4 May 2017 21.59 BST
First published on Thu 4 May 2017 19.00 BSTFull-time: Celta Vigo 0-1 Manchester United
United were a cut above their hosts and return with a deserved victory. In fact, they were several cuts above their hosts and would have returned with a bigger victory if not for shabby finishing. But Celta showed nothing to suggest that they can overturn this result at Old Trafford. That means another home draw will be good enough for United, which might be just as well. If I were a fan of United or Ajax, I’d be booking a hotel in  Cardiff  Solna.
90+4 min: Aspas wins a freekick after falling over following a hand-off by Valencia. It’s curled into the area, but Fellaini heads it clear on the penalty spot.
90+3 min: United are starting to drop a little deeper ...
Celta substitution: Beauvue on, Mallo off.
90 min: There will be at least five more minutes of Celta running into the United wall.
United substitution: Smalling on Young off.
89 min: That block appears to have taken a toll on Young. He’s sitting on the floor now, feeling his hamstring. It wouldn’t be a United match if the didn’t lose a couple of players to injury. Good thing they have a first-team squad of 196 players.
88 min: Good defending by Young, who hared back to block a cross by Mallo. As a bonus, the ball ricocheted off Mallo and out for a goal kick to United.
86 min: Alvarez goes for a wander. Pogba decides to teach him some discipline by lashing at goal from a 40-yard freekick wide on the left. It would have embarrassed the keeper if it had been on target, as opposed to a couple of yards wide.
83 min: Sisto pings in a cross from the left. Bailly dives at the feet of Guidetti to head it clear! That’s why they (should) call him the Ivorian Kevin Moran.
81 min: Celta forage gamely for an opening. But there are none. United have put the clamp on.
United substitutions: Young and Martial on, Mkhitaryan and Rashford off. The youngster looks like he might have picked up a strain of some sort, as he’s hobbling off. But the Celta players figure he’s wasting time - so they take in turns to go over urge him to hurry the hell up.
77 min: It’s looking highly unlikely given how blunt Celta look up front but, with 13 minutes to go, there’s still time for United to find a way to nick a 1-1 draw.
75 min: A shot by Mkhitaryan is blocked but rebounds into the path of Lingard, who lets fly from 13 yards. He was off-balance and over-eager and the shot flashes several yards wide.
Celta substitution: Jozabed on, Wass off.
73 min: Sisto dances past Mkhitaryan and is then felled in midfield by Fellaini. Celta takes the freekick quickly - and that’s the start of an excellent, fast-flowing move that culminates with Aspas trying to turn the ball into the United net from 12 yards. It whizzes just past the post.
71 min: Rashford takes a short corner to Mkhitaryan, whose cross is poor, straight at Alavares.
69 min: That really was an exquisite goal. Celta have not shown that they have anyone with that sort of class up front so United really should go on to win this.
GOAL! Celta 0-1 United (Rashford 67)
What a way to apply justice! Rashford dusts himself down after the foul and then steps up to sweep the ball majestically over the wall and into the corner of the goal! it was the corner covered by Alvares, to boot, but the goalkeeper hadn’t anticipated Rashford being so brazen so had started to move towards the other one, and by the time he realised what Rashford was up to, it was too late.
66 min: Rashford knocks the ball past Mallo and chases after it. Mallo realises how fast he is and steps across to block him. Freekick to United about four yards outside the area, to the right.
65 min: Romero collects the corner with authority, then flings the ball out to Lingard.
64 min: Alvares punts the ball downfield, and Guidetti harasses Bailly into conceding a corner.
62 min: Oh dear. Rashford gallops free down the left after skipping past Cabral on halfway. He has team-mates streaming into the box in anticipation of a through-ball. But he decides to have a shot himself ... and mis-hits it, shanking the ball out for a throw-in. Usually he makes impeccable decisions - it’s one of the things that makes him such an impressive teenager - but he goofed there.
59 min: From almost exactly the same spot as Rashford’s excellent shot in the first half, Sisto tries to do a little better: and he’s helped by a slight deflection off Valencia. But Romero kept his eye on the ball and tipped it over the bar!
57 min: Celta keep the ball for several minutes, trying in vain to shift the United defence. They make no ground.
54 min: Corner to United, quietly won by Valencia. Rashford sends over an out-swinger. It’s a rubbish delivery and easily cleared. “They’re all good points,” admits MIke Wilner re: our half-time pow-wow. “Here’s what I’m looking for. Arsenal win the FA Cup, but United fall short against Celta or Ajax. Their League Cup win gets both sides into next year’s Europa League. Dream final of Wenger and Mou? Specialists in failure, indeed.” You do know that they’ve be facing each other this weekend in a joust for fifth place in the Premier League?
52 min: Wass is left free between United’s midfield and defence to pick a pass. He picks a good one, clipping it over to Aspas, who flicks a good header towards goal from the penalty spot. Just wide.
50 min: Pogba tries to steer a side-footer into the net from 20+ yards, but he was leaning back and skied it.
49 min: Tidy interplay between Fellaini and Rashford, who slips the ball wide to Lingard. The winger fires in a low cross that’s diverted behind at the near post. United’s corner comes to nothing. But the visitors have made a strong start to the half, just as they did in the first.
47 min: Freekick to Celta mid-way inside the United half. The heavy artillery rumbles up from the back. Wass delivers. Bailly clears.
46 min: The players return for the second half with the theme tune from the A-team blaring over the stadium PA. And what a reaction it gets from both sets of fans! But which manager’s plan is going to come together?
“Really enjoying the comedic value of the halftime music in the stadium drowning out Rio Ferdinand and Michael Owen on BT Sport,” croons Woolie Madden.
“I’m enjoying the Europa League this season, and grudgingly admire Mourinho for taking it seriously.” announces Mike Wilner. “But, if he wins the damned thing, do we reevaluate his ‘specialist in failure’ dig at Arsene? Winning a tournament of fifth place teams and Champions League third place washouts feels like the epitome of unsuccessful success. Or Arsene can just walk over and patronisingly ruffle Mourinho’s hair...” I hear what you’re saying, Mike, but the Europa League offers an actual trophy, unlike the imaginary one Wenger habitually awards himself for finishing in the top four. It is, as such, a much better way of reaching the Champions League (would Spurs fans rather finish second this season or win the Europa League?). Plus, winning it would give Mourinho another one over Wenger, who lost in the final in 2000. What’s more, Wenger might not be so sniffy about the Europa League when Arsenal are vying for a quarter-final spot in it next season."
4,espn,https://www.espn.co.uk/football/match/_/gameId/478702/manchester-united-celta-vigo,"Celta Vigo v Man United
UEFA Europa League, Semifinals
Marcus Rashford - 67'
1st Leg
Match Timeline
KOHTFT
Team Stats
58%
Possession
42%
2
Shots on Goal
5
9
Shots
10
10
Fouls Committed
13
1
Yellow Cards
2
0
Red Cards
0
4
Corners Won
4
4
Saves
2
Data is currently unavailable.
© ESPN Enterprises, Inc. All rights reserved."
4,bbc,https://www.bbc.co.uk/sport/football/39877812,"Manchester United survived a huge late scare to edge past Spanish visitors Celta Vigo and set up a Europa League final against Dutch giants Ajax.
Leading 1-0 from the first leg, United took control as Marouane Fellaini headed home Marcus Rashford's cross.
But Celta, needing two goals, levelled on the night through Facundo Roncaglia to set up a tense final few minutes.
United's Eric Bailly and Roncaglia were sent off after a mass brawl, and the hosts hung on to reach the final.
Indeed they could only celebrate after Celta striker John Guidetti scuffed a golden chance to put the visitors through to their first major European final with the final kick of the game.
The aggregate victory took the Red Devils a step closer to their first Europa League triumph and a return to the Champions League.
They will meet Ajax, who beat Lyon in the other semi-final, in Stockholm on 24 May.
Functional not flashy - but in the final
United had never lost a two-legged European tie after winning the first leg away from home, and knew they would reach the final by keeping a clean sheet at an expectant Old Trafford.
The hosts looked nervy as Celta made an attacking start, before Fellaini settled the tension by converting his side's first effort on target.
The Belgium midfielder sneaked in at the far post to powerfully head in Rashford's clipped left-wing cross.
Jose Mourinho's side created few other chances as they aimed to frustrate the visitors with an organised and largely defensive approach.
Although Henrikh Mkhitaryan, Rashford and Fellaini all drew saves from Celta keeper Sergio Alvarez after the break, it was a functional - not flashy - performance.
Celta, who had lost their previous five matches and are 12th in La Liga, had more possession than the home side, and forced United keeper Sergio Romero into instinctive saves at the start of each half.
They then ignited the tie with Roncaglia's glancing header following a corner.
The away goal, which left them needing one more to eliminate United, increased the tension inside Old Trafford, leading to a scuffle involving almost all 22 players on the field.
Bailly was sent off for a swipe at former Manchester City striker Guidetti, with Roncaglia dismissed for retaliating.
With six minutes of added time, there was still opportunity for Celta to create one final chance - but Guidetti blew it.
While United's players greeted the final whistle with a mixture of relief and jubilation, the visitors slumped to the turf with Guidetti in tears.
""You cannot win a semi-final easily, or be calm. We are in the final, that's what counts,"" said United midfielder Ander Herrera.
Europa League or bust for Mourinho
Winning the Europa League has become Mourinho's priority as he looks to secure a return to the Champions League in his debut season at Old Trafford.
And the campaign will be deemed a disappointing one if his team lose to Ajax, who edged out Lyon 5-4 on aggregate.
Expectations were high that Mourinho's arrival would bring an end to the malaise that has surrounded the Red Devils since Sir Alex Ferguson's retirement.
United have finished seventh, fourth and fifth in the three Premier League seasons since the Scot's departure - and Mourinho arrived with loftier ambitions than simply scraping into the top four.
Ten months later, the Portuguese has been forced to drastically reassess his ambitions.
He appears to have conceded defeat in the top-four race, with his team sixth, four points adrift of Manchester City going into their final three matches.
With the return leg against Celta at the forefront of his mind, Mourinho made eight changes for Sunday's 2-0 defeat at Arsenal - a clear admission he felt winning the Europa League was more attainable than breaking into the top four.
However, his decision will only be justified if they are successful in beating Ajax and claiming their sixth European trophy.
The missing piece in the jigsaw
The Red Devils have won 65 trophies in their illustrious 115-year history, a figure including 20 English league titles and three European Cup/Champions League victories.
However, there is one piece of silverware missing from the Old Trafford trophy room.
In recent seasons winning the Europa League may have been considered an unwanted honour. Now it is considered a must-win as the club looks to complete a clean sweep of the major competitions at home and abroad.
Analysis
Former England winger Chris Waddle on BBC Radio 5 live:
""They are not the most technical Man Utd team I've ever seen. Mourinho is very good at setting a team up but it is not entertaining.
""United have always been entertainers and even if they win the Europa League, people will say: 'Yes they won it, but it wasn't entertaining.'
""The goal for Celta came from United's lack of concentration and it became a little bit ""panic stations"" for the rest of the match.
""Ajax are a young team - they could easily freeze in that final.""
Post-match reaction
Manchester United manager Jose Mourinho:
""We were the best team in the first leg but we never kill, we never score goals related to the chances we have. It was an open game at home, all the pressure on our side.
""They were completely free of responsibility and gave us a very hard match. We suffered until the end and it was open until the last second. The boys gave everything they had. I'm really pleased for them.
""After 14 matches, we are in the final. If we win the Europa League, I am more than happy. It would be amazing.""
Man of the match - Marouane Fellani (Manchester United)
What's next?
Before they can fully focus on the Europa League final, United have three more Premier League matches to think about.
They go to second-placed Tottenham on Sunday (16:30 BST), before games against Southampton and Crystal Palace.
- Published12 May 2017
 
- Published11 May 2017
 
- Published12 May 2017"
5,espn,https://www.espn.co.uk/football/match/_/gameId/480740/afc-bournemouth-manchester-united,"56%
Possession
44%
2
Shots on Goal
7
9
Shots
14
Fouls Committed
12
1
Yellow Cards
0
Red Cards
4
Corners Won
Saves"
5,guardian,https://www.theguardian.com/football/live/2017/dec/13/swansea-v-manchester-city-manchester-united-v-bournemouth-and-more-live,"Wayne Rooney took advantage of a Karl Darlow rick to prod home and win all three points for Everton. Newcastle have lost seven out of their past eight games.
Jurgen Klopp gets criticised for only fielding two of his four star forwards against Everton. He dult picks them for a home match against West Brom and the match ends scoreless. Go figure.
SCENES AT THE LONDON STADIUM!!! West Ham substitute Javier Hernandez has somehow hit the cross bar from seven yards out after being teed up by Mark Noble in the wake of some hideously bad Arsenal defending. How did he miss? The ball bounced down, he tried to claim it crossed the line, but it was some way short.
Disallowed goal at Anfield: Dominic Solanke gets the ball in the net for Liverpool, only for his effort to be disallowed for hand-ball. It wasn’t intentional but his arm was raised and the ball went in off it. He gets booked, which seems harsh. It remains Liverpool 0-0 West Brom.
There was a late, late red card at St James’ Park, with Jonjo Shelvey getting a straight red for a clumsy tackle on Idrissa Gueye in the fourth minute of injury time. That’s his second of the season, while Newcastle have now lost seven of their past eight games.
Manchester City set a new Premier League record with their 15th consecutive win, against a Swansea side that will stay anchored to the bottom of the table.
Meanwhile in Scotland: Nervy times for bottom side Partick Thistle, who had led Motherwell 3-0. A Craig Tanner goal on 79 minutes means it’s now 3-2 and there’s one minute of normal time left.
A howler from Petr Cech: Arsenal’s goalkeeper makes a complete dog’s breakfast of an attempted clearance, punching the ball but succeeding only in sending it spinning up in the air and dropping for Marko Arnautovic. With a practically open goal gaping, he doesn’t get much purchase on his scuffed shot, allowing Nacho Monreal to get across and hack the ball off the line. Woeful goalkeeping and a shocking miss from Arnautovic.
Lacazette warming up at the London Stadium: Arsenal’s French striker Alexandre Lacazette made way for Olivier Giroud tonight, but is warming up with extreme prejudice on the touchline at the London Stadium. He’ll be on soon.
Arsenal go close: It’s still scoreless at the London Stadium, where the rain is bucketing down and Arsenal have West Ham under siege but just can’t score. Mesut Ozil misses two good chances in quick succession, putting the second one inexplicably wide of the upright when he should have scored.
A fourth for Leicester on the counter-attack, with Okazaki getting his second as he fires home after getting on the end of a cross from Riyad Mahrez. That’s his first ever Premier League brace.
From a corner, Mayo Yoshida pulls a goal back for Southampton against Leicester at St Mary’s although Dusan Tadic may have got the final decisive touch. Interestingly, the last time Leicester City led anyone 3-0 at half-time was against Wolves, in – I think – 2004. They ended up losing 4-3.
More goals in Scotland: Ryan Bowman scores his seventh of the season to pull a goal back for Motherwell against the Scottish Premiership’s bottom placed side, Partick Thistle. It’s 3-1 at Firhill Stadium.
Raheem Sterling and David Silva combine for the latter to lift the ball over Lucasz Fabianski and extend Manchester City’s lead against the drowning Swans.
Hmmm! Jurgen Klopp was much maligned for leaving two of his Fab Four – Philippe Coutinho and Roberto Firmino – on the bench against Everton at the weekend. All four members of the quartet are playing against West Brom tonight and they’ve mustered the sum total of no shots on goal in 44 minutes of the first half."
5,skysports,https://www.skysports.com/football/news/11661/11169355/man-utd-1-0-bournemouth-romelu-lukaku-nets-winner-for-hosts,"Man Utd 1-0 Bournemouth: Romelu Lukaku nets winner for hosts
Thursday 14 December 2017 08:26, UK
Manchester United got back to winning ways at Old Trafford after the derby tussle with a workmanlike 1-0 victory over Bournemouth on Wednesday.
Romelu Lukaku (25) silenced his critics with the winning strike midway through the first-half, his first goal in five Premier League games although he refused to celebrate.
Anthony Martial and Marcus Rashford went close in the second period but it was Bournemouth who created more chances, registering seven shots on target but they found David de Gea once again in defiant mood.
The victory leaves United 11 points behind leaders Manchester City, who won 4-0 at Swansea.
Lukaku, who faced criticism for his part in United's damaging loss to rivals Manchester City at the weekend, showed great determination to head his team in front.
Juan Mata hung a ball up to the back post and the striker rose above Charlie Daniels and Nathan Ake to power a header into the top corner.
At the other end, De Gea was kept busy by the visitors who tested him with five efforts on targets in the first half, the pick of which came from a stinging Daniels strike from 25 yards.
United settled better after the break and should have doubled their lead but Martial fired over from five yards after Lukaku was denied from close range.
Substitute Marcus Rashford then rattled the underside of the crossbar on 72 minutes but that was the last of United's attacking intent as they sank deeper to protect their lead.
Despite good territory, the Cherries could not find the killer opportunity although Jermain Defoe was denied by a well-positioned De Gea on 83 minutes.
Bournemouth did have one final chance from a 25-yard free-kick in injury time but Ryan Fraser's powerful effort was held by De Gea, who recorded his 10th clean sheet of the Premier League season.
Opta stats
- Manchester United have won nine of their last 10 Premier League games at Old Trafford (L1), keeping a clean sheet in eight of these victories.
- Since earning promotion in 2015, Bournemouth have taken just 13 points from a possible 87 against the ""top six"" teams in the Premier League (29 games).
- Since the start of 2016-17, Lukaku has scored 30 goals in 38 Premier League appearances versus ""non-big six"" sides.
- Mata (18) has made more assists than any other Manchester United player in the Premier League since his debut in January 2014.
- Bournemouth had five more shots on target than the home side in this game - the last opposition side to have more in a Premier League game at Old Trafford was Liverpool in March 2014 (six more than Manchester United).
Manager reaction
Jose Mourinho: ""When you lose a match it's important you don't lose two in a row. Every team that loses a match tries not to lose the next one. That's the magic of football. We tried and we managed it. We are happy.""
Eddie Howe: ""They have an outstanding goalkeeper who made a number of good saves and maybe we could have done better in and around their box, but when you consider the opposition and where were playing, I was very pleased with players""
Pundit reaction
Alan McInally: ""Eddie Howe will be gutted they haven't scored, gutted they haven't come away with something from the game, because I think they contained Manchester United. I never saw United really controlling huge parts of the game and really pressing them back. With 10 minutes to go, United had had two shots on target.""
Man of the match: David de Gea
This was not quite the brilliance of his Arsenal performance two weeks ago as Bournemouth's finishing lacked the required quality to severely test him, yet he was still outstanding. The Spaniard dealt with every single shot Bournemouth threw at him, where his positioning came to the fore. De Gea has kept the most Premier League clean sheets (10) and has made the most saves in the league of any goalkeeper. World-class.
What's next?
United are back in action on Super Sunday against West Brom before Bournemouth host Liverpool in the day's second live game."
6,espn,https://www.espn.co.uk/football/match/_/gameId/541728/brighton-hove-albion-manchester-united,"Man United v Brighton
Match Timeline
KOHTFT
Team Stats
43%
Possession
57%
11
Shots on Goal
2
21
Shots
6
10
Fouls Committed
14
2
Yellow Cards
5
0
Red Cards
0
5
Corners Won
2
1
Saves
8
Data is currently unavailable.
© ESPN Enterprises, Inc. All rights reserved."
6,bbc,https://www.bbc.co.uk/sport/football/50278822,"Manchester United 3-1 Brighton: United go seventh after comfortable win over Brighton
- Published
- comments
Ole Gunnar Solskjaer described Manchester United's 3-1 win over Brighton as ""their best performance of the season"".
Midfielder Andreas Pereira and striker Marcus Rashford scored either side of a Davy Propper own goal to give United their biggest home Premier League triumph since August and move them into seventh place, their highest position for two months.
Rashford should have had another but inexplicably fired Daniel James' cross wide of an open goal.
Brighton keeper Mat Ryan saved from James and Brazilian midfielder Fred, before denying what would have been a memorable solo effort from Anthony Martial.
Solskjaer added: ""It was exhilarating and entertaining. How we didn't end up with five, six or seven I don't know.""
After their 3-0 win over Partizan Belgrade in the Europa League on Thursday, it was the first time United had scored six in two games since March and extended a run of five wins in six games in all competitions since a 1-1 draw with Liverpool.
""If we don't get confidence from this, I don't know what to tell them,"" added Solskjaer.
The victory came at a cost, though, as midfielder Scott McTominay had to be carried down the tunnel on a stretcher after falling awkwardly and will have a scan on his injured ankle on Monday.
It was a familiar story for Brighton, who have never won at Old Trafford and never looked like breaking that sequence and allowed Rashford to restore the hosts' two-goal cushion two minutes after Lewis Dunk's header had given them hope.
Ole's faith in youth
Two years ago, respective managers Solskjaer and Graham Potter were operating in very different surroundings.
Solskjaer had been managing Molde against Kristiansund in the Norwegian League, while Potter was competing in Sweden's equivalent for Ostersunds FK against Jonkopings Sodra.
Potter has been having a better time of it than Solskjaer this season but amid a number of disappointing results, the United boss was getting credit for the number of youngsters he has put his faith in this season.
Today was another example, with a side that with an average age of 23 years and 350 days was United's youngest since a 2-0 win over Crystal Palace in May 2017.
With skipper Ashley Young suspended, Solskjaer picked 19-year-old Brandon Williams for his full Premier League debut rather than rely on the experience of Marcos Rojo, who had performed well in Thursday's Europa League win against Partizan Belgrade.
Williams' presence meant Harry Maguire's selection as skipper ahead of David de Gea was almost overlooked. The standing ovation the youngster received at the end proof Solskjaer had been right with his choice.
Fred reborn
Brazilian midfielder Fred has been heavily criticised since his £47m move from Shakhtar Donetsk in the summer of 2018.
Many have questioned whether he has the ability to be a United player and there has been suggestions former manager Jose Mourinho only agreed to his arrival because he was desperate for midfield reinforcements and feared if Fred did not move to Old Trafford, he would get no-one.
Even Solskjaer has seemed uncertain about Fred's capabilities.
Yet, almost from nowhere, he has turned into a central figure.
For the first time for United, he has started five successive Premier League games and this performance - efficient and energetic - was one of his best.
It was Fred who gently coaxed teenager Williams forward in the early moments of his first top-flight start. It was Fred who found midfield partner McTominay with an impudent back-heeled pass and Fred who sought advice from coach Kieran McKenna during a break in play, showing that his grasp of English is better than some would have you believe.
He might have had his first goal of the season too had Brighton keeper Ryan not fumbled his long-range shot onto the bar after half-time.
Brighton still find the 'big six' tough
Inside the Brighton camp, they feel strongly that the decision to sack Chris Hughton at the end of last season has been vindicated, even if it was criticised externally.
Potter has installed a passing game which is more fluid and better to watch than what went before.
In the whole of 2018-19, they managed 216 sequences of 10 or more passes, an average of 5.7 per game. Before their trip to Old Trafford, they had already registered 119 such sequences this season, an average of 10.8 per match and taking them from 17th to seventh best in the division in that particular metric.
Yet points are the only real currency in the harsh arena of Premier League combat and, for Brighton, trips to the 'big six' remain a problem. They face high-flying Leicester next, but will do so without Dunk, who will be suspended following his fifth booking of the season.
Under Hughton, 11 such visits over the past two seasons ended in defeat - a single draw at Arsenal on 5 May breaking the sequence. So far this term, it's three defeats from visits to Manchester City, Chelsea and Manchester United, and only a single goal to show for Brighton's efforts.
This failure meant Brighton were unable to claim the victory that would have taken them fifth, a position which would have represented the highest spot they had occupied in their history.
Man of the match - Fred (Manchester United)
'A joy to watch' - managers' reactions
Manchester United manager Ole Gunnar Solskjaer speaking to Match of the Day: ""We should have scored many more goals.
""It was an excellent performance from the lads, when you see them going forward it is a joy to watch.
""Anthony Martial did not get a goal but he was outstanding. Brandon Williams was excellent too - he has had some good games already and he seems he wants to be out there and enjoy himself.
""The table does not really matter at the moment, we need to keep improving and keep winning games and see where it takes us.""
Brighton manager Graham Potter, also to Match of the Day: ""They deserved to win the game, if you make any mistake they can turn defence into attack so quickly.
""The players gave their best, but sometimes you have to accept you are playing against a better team. We had a decent period in the league and now we need to get ready for another tough match.
""They key moment for us was when we went 2-1 down despite not being much in the game, if we could have kept that score for longer it could have made a difference but United responded scoring the third goal so early in transition.""
Home comforts for United - the stats
- Manchester United are unbeaten in their last seven games at Old Trafford across all competitions (W4 D3 L0), their longest run under the same manager since March 2018, when they went eight without defeat under Jose Mourinho. 
- Brighton haven't won any of their 15 Premier League away games against ""big six"" opposition (W0 D1 L14), scoring just four goals and conceding 33 in return. 
- Davy Propper's own goal saw Manchester United take a 2-0 lead in the 19th minute (18:50); the quickest they've been 2-0 up in a Premier League game at Old Trafford since May 2017 against Crystal Palace (18:15). 
- Since the start of the 2017-18 season, Brighton have scored more own goals than any other team in the Premier League (7). 
- Marcus Rashford scored his 30th goal for Manchester United at Old Trafford, with six of those having come in 2019-20 - only in 2017-18 has he netted more home goals in a single season for the club (nine). 
- Manchester United forward Anthony Martial has been directly involved in eight goals in his last 10 starts at Old Trafford across all competitions, scoring four and providing four assists. 
- Brandon Williams became only the second player born in the 2000s to start a Premier League match for Manchester United, following Mason Greenwood. 
What's next?
Brighton's next game is against top-four contenders Leicester City at Amex Stadium on 23 November (15:00 GMT). Manchester United play at Sheffield United the following day (16:30 GMT)."
7,espn,https://www.espn.co.uk/football/match/_/gameId/541706/aston-villa-manchester-united,"Man United v Aston Villa
Match Timeline
KOHTFT
Team Stats
62%
Possession
38%
6
Shots on Goal
3
16
Shots
9
16
Fouls Committed
8
4
Yellow Cards
1
0
Red Cards
0
9
Corners Won
9
1
Saves
5
Data is currently unavailable.
© ESPN Enterprises, Inc. All rights reserved."
7,guardian,https://www.theguardian.com/football/2019/dec/01/manchester-united-aston-villa-premier-league-match-report,"Manchester United would have closed to six points behind Chelsea in fourth if Aston Villa had been beaten. Instead, after a sluggish opening-half display, they and their visitors engaged in a kind of high-speed ping-pong following which a draw felt the right outcome.
The breathless fare made a fine spectacle but for Ole Gunnar Solskjær the bottom line is that United have won only four of 14 league games this season. So unless Spurs, on Wednesday, Manchester City (Saturday) and Everton (Sunday-week) are beaten then Solskjær will not better the 24 points from 17 matches José Mourinho had accrued before being sacked on 18 December last year.
There was, then, the wider context of the Portuguese’s disillusionment with life at United and a similar sentiment from the executive towards him. But to hear Solskjær state afterwards that United’s ninth position – after the poorest start since 1988-9 – is not a “concern” was to wonder precisely what will be scrutinised if the results against Spurs and City disappoint.
Juan Mata was Solskjær’s sole change from the 3-3 draw at Sheffield United, while Dean Smith’s XI was the same that beat Newcastle on Monday as he hoped to record a first Aston Villa win here since December 2009.
Jack Grealish controlled the early parts of the contest from his left-sided berth and opened the scoring with a peach of a strike. Anwar El Ghazi crossed from the right and the ball sailed to Villa’s captain on the left. As Andreas Pereira stood off, Grealish moved inside and placed a curler beyond David de Gea.
If this brought cries of “Super Jack” from the Villa faithful, El Ghazi injured himself in the move as he was replaced by Trézéguet. United were stunned yet Fred showed a flash of class when dribbling out of a cul-de-sac along the right, motoring forward, then sliding Anthony Martial in. The No 9’s shot was straight at Tom Heaton but here was some encouragement.
Defensively there was little, though. When the disappointing Harry Maguire hesitated Grealish hit Wesley with a ball virtually on De Gea’s goalline: Trézéguet finished the follow-up but this was ruled offside. Wesley appeared to be the guilty party.
Villa were, simply, proving to be quicker and slicker. United’s issue was a lack of control and vision. But Fred then took a short corner to Mata who relayed the ball to Pereira. His cross, from the right, was met by Marcus Rashford and his header hit a post, pinballed off Heaton and that was 1-1.
Despite this, Solskjær surely ordered his team to wake up in his interval chat and the contest now became a relentless back-and-forth exchange. United got hold of the ball and roved upfield, winning a corner. Villa moved toward towards De Gea’s goal and the move foundered. A neat Mata back-heel teed up Fred but a 20-yard effort was scuffed.
United were in a marginally higher gear. Brandon Williams claimed the ball and passed to Daniel James. The Welshman’s sprint down the left was followed by a cross but no teammate connected. This lack of edge in front of goal was costly when Rashford, Williams, Mata and Fred interchanged passes and the latter dinked Martial the ball. A quality first touch and he was clear but one was lacking. Better from the Frenchman came when dazzling feet had him in and Heaton was grateful to save.
United were a blur of red. Mata’s penalty shout was turned down when clashing with Frédéric Guilbert, James overhit a pass to Martial close to goal, and Aaron Wan-Bissaka warmed the keeper’s fingers. From the corner United scored. It was taken short and when Fred pinged the ball in the unfortunate Wesley flicked on and Victor Lindelöf headed in.
Old Trafford erupted but within 120 seconds all but the Villa contingent were silenced. After a corner, Matt Targett chipped a ball to Tyrone Mings and that was the equaliser.
Solksjær threw on Jesse Lingard for the close, then Luke Shaw and Mason Greenwood a little later. And while they peppered Villa’s area, Martial’s lob over the crossbar was a golden chance and Villa might have also grabbed a winner via a late break.
Smith was left praising the excellent Grealish. Of the No 10’s hopes of a first England call-up the manager said: “He’s pushing the people who choose the squad every time he pulls on a Villa shirt and that goal topped it. What he needed to improve on was goals and assists and he’s starting to do that now. For the first half of the game he was controlling it.”
This is what United lack: control. Solskjær needs to quickly find a way for them to start exerting it.
Comments (…)
Sign in or create your Guardian account to join the discussion"
8,espn,https://www.espn.co.uk/football/report/_/gameId/541681,"Leicester v Norwich City
Leicester's winning run ends in frustrating draw at Norwich
Norwich City boosted their hopes of avoiding relegation from the Premier League after a spirited performance saw them hold high-flying Leicester City to a pulsating 1-1 draw on Saturday.
The result snapped Leicester's eight-match winning streak, leaving them second in the table on 39 points from 17 games, 10 behind runaway leaders Liverpool who marched on with a 2-0 home win over Watford in the lunchtime kickoff.
- ESPN Premier League fantasy: Sign up now!
- VAR in the Premier League: Ultimate guide
- When does the transfer window reopen?
- Premier League winter break: All you need to know
Teemu Pukki gave Norwich a 25th minute lead with a clinical finish before visiting keeper Tim Krul scored an own goal in the 37th, failing to clear a Jamie Vardy header as the league's top scorer got on the end of a James Maddison corner.
Both sides came close in the opening exchanges as Krul tipped a Youri Tielemans shot on to the woodwork before Pukki fired wide from a good position barely a minute later.
Vardy missed a pair of gilt-edged chances to complete Leicester's comeback before the home side were twice let off the hook in the closing stages.
Livewire Pukki saw a shot blocked by Ricardo Pereira and the home team's centre back Caglar Soyuncu cleared a Christoph Zimmermann effort off the line from the resulting corner."
8,guardian,https://www.theguardian.com/football/2019/dec/14/leicester-city-norwich-city-premier-league-match-report,"Leicester’s second “mission impossible” suddenly looks all the more fiendish. It is no surprise that the notion, never entirely convincing given Liverpool’s steely excellence, of another title-winning fairytale has come to seem too far-fetched but they might have expected the dream to perpetuate for at least another week. Instead their winning run was halted by a Norwich side who completely deserved their draw and arguably had the better opportunities to win, retaining a threat even when Leicester found some sort of stride after half-time.
Norwich had taken the lead through Teemu Pukki’s latest ice-cool finish and, in a strange way, even the manner of the home side’s equaliser spoke to their afternoon’s frustration. Jamie Vardy had scored in eight consecutive league games, a burst of form in line with that streak of Leicester victories, and thought he had made it nine when he met James Maddison’s corner and saw his header flash into the net via Tim Krul’s hand. But the Norwich keeper had actually made the crucial touch, diverting the ball goalwards when it had been heading wide, and Vardy’s hopes of nearing his 11-game record from 2015-16 disappeared despite a number of subsequent efforts.
“It’s not something we’ve ever spoken about,” Brendan Rodgers said when asked about the receding prospect of challenging Liverpool, now 10 points clear, for first place. “I think everyone else has. The players have been brilliant; it says everything that we’ve drawn a game and everyone’s disappointed. We weren’t quite at our level today but we’ve still managed to get a point.”
They were so far short in the first half that by the interval Rodgers had ripped up his gameplan and turned a narrow 4-3-1-2 formation into a 4-3-3. Norwich were much the better side over the first half-hour, once they had got over an early scare in which Krul fumbled Youri Tielemans’ shot against an upright, and they should have scored when Pukki could not quite make decisive contact with Max Aarons’ delivery after a slick move had sliced Leicester open.
Pukki did get it right in the 26th minute although Rodgers will have been perplexed by the way a simple pass from Tom Trybull cut through their entire midfield, giving Emi Buendía all the space he needed in front of the back four. His slide-rule ball for Pukki was a peach, weighted just well enough to meet the striker’s run past Caglar Soyuncu. The finish, rolled across a rooted Kasper Schmeichel, was customarily outstanding.
It turned out Pukki, who could have scored a winner in the dying minutes had Soyuncu and Ricardo Pereira not made last-ditch challenges when he twice got away, finished the game nursing a broken toe. “He’s from Finland so I’m not too concerned,” said Daniel Farke, who does not expect Pukki to miss any matches and cannot afford him to. Pukki has nine Premier League goals this season and it is hardly outlandish to suggest his smart runs and precise shooting may be the difference between relegation and a successful campaign.
Norwich may need him less if they could kick their habit of undoing so much work with maddeningly simple concessions. Maddison, their former player, may be an outstanding operator at set-plays but his delivery and Vardy’s peeled run were hardly intricate stuff and at that point it seemed Leicester would clear their heads and push on. Immediately after the equaliser Rodgers replaced Kelechi Iheanacho, abruptly ending the forward’s mini-renaissance, and introduced Demarai Gray. Being hauled off in the first half is never a good look and Rodgers insisted it was a tactical move, to facilitate the formation switch, rather than a response to a flashpoint that occurred shortly before Vardy scored.
Norwich felt entitled to receive the ball back when Tom Trybull, aware Buendía was down, knocked it out for a Leicester throw-in. But Iheanacho, failing to get the memo on receiving possession, surged towards the penalty area and was halted only by Christoph Zimmermann’s foul.
Now that the danger had passed, half of Norwich’s players piled in furiously on Iheanacho. The mêlée took some resolving, with VAR eventually being deployed to adjudge that Todd Cantwell, who had bent down menacingly towards his prone opponent and appeared to grab at him, did not deserve a red card. Both managers agreed Iheanacho had, as Rodgers said, “totally misread the situation” and it arguably had the effect of stalling Norwich’s dominance.
Vardy hit an upright from the tightest of angles early in the second period but, after threatening to build up a head of steam, Leicester never created enough. They found Norwich resolute, with Ben Godfrey imperious at the back, and Farke could bask in what he felt was their best performance of the season. In his opinion Norwich need to show the initiative of “hoover salesmen” in their fight to stay up and this, he said, counted as one successful transaction.
For Leicester, successive league meetings with Manchester City and Liverpool are now less potential title showdowns than opportunities to assert their top-four credentials. “Perhaps Jürgen [Klopp] has already sent me a message, I’ll check my phone later,” Farke said. Leicester will surely not catch Klopp and company now but, all things considered, any gloom will be minimal.
Comments (…)
Sign in or create your Guardian account to join the discussion"
8,espn,https://www.espn.co.uk/football/match/_/gameId/541681/norwich-city-leicester-city,"57%
Possession
43%
5
Shots on Goal
3
18
Shots
10
11
Fouls Committed
15
0
Yellow Cards
Red Cards
12
Corners Won
4
2
Saves"
8,bbc,https://www.bbc.co.uk/sport/football/50696492,"Leicester 1-1 Norwich: Foxes fall further behind Liverpool with draw
- Published
- comments
Leicester manager Brendan Rodgers says he is not thinking about the growing gap behind league leaders Liverpool after his side were held to a draw by a battling Norwich at King Power Stadium.
The Foxes, who remain second, now lie 10 points behind league leaders Liverpool, following their hard-fought win over Watford in Saturday's early game.
When asked about the blow to his side's title ambitions, Rodgers said: ""It's not something we've spoken about, everyone else has.
""These players have been brilliant, it says everything we have drawn a game and everyone is disappointed.
""We weren't quite at our level but we managed to get back and get a point. We'll press the rest button and get ready for a [Carabao Cup] quarter-final on Wednesday [at Everton].""
Norwich, who were impressive, deservedly took the lead when Teemu Pukki slotted home after being sent through by Emiliano Buendia.
But their lead only lasted 12 minutes as Leicester equalised when Jamie Vardy's bullet header was turned into the net by Norwich keeper Tim Krul.
Both sides pressed hard for a winner in an entertaining second half, with Vardy twice going close, but neither side could find a way through.
The point sees Norwich close the gap on Aston Villa and Southampton to three points but they remain 19th.
Foxes frustrated by resolute Canaries
Having reached a club-record eight consecutive Premier League wins last week with victory over Aston Villa, the Foxes had the chance to equal their club record for wins in all competitions against the Canaries (10).
However, they failed to produce either the result or the performance that had seen them sweep aside the likes of Villa, Watford and Brighton in weeks gone by.
Of course there were chances for Brendan Rodgers' side to win it but the ruthless touch they have displayed throughout 2019-20 eluded them.
James Maddison was bright as usual, as was Youri Tielemans, but neither of them were able to prise open a resolute Norwich backline; Wilfred Ndidi should have twice done better with free headers from Maddison deliveries.
Vardy, who had found the net in his previous eight league games, was expertly denied by Krul late on while the former England man could only find the woodwork after rounding the Canaries keeper early in the second half.
And while he may have thought he'd kept up his impressive run of scoring when his first-half header was deflected in by Krul, his streak was ultimately ended by one of the Premier League's leakiest defences.
Where does this leave Leicester's title charge?
The Foxes were flying coming into this game.
They had won their last eight league games, nine including the Carabao Cup victory over Burton Albion, and they had overtaken reigning champions Manchester City as Liverpool's chief rivals in the Premier League title race.
But despite having picked up 25 of the last 27 points on offer to them, they sit 10 points adrift of the league leaders.
And while they still have the division's best defensive record, there are sterner tests to come.
Namely, Pep Guardiola's Manchester City next weekend.
If Rodgers' side are beaten at the Etihad their chances of replicating their stunning 2015-16 title-winning campaign are surely almost all but diminished.
However, if they can pick themselves up after this setback and pull off an unlikely victory against the reigning champions their confidence will go through the roof ahead of a massive Boxing Day clash with Liverpool.
Struggling Norwich show up again
Norwich have already lost to fellow Premier League strugglers Southampton, Watford and West Ham this season, preferring, it seems, to save their best performances for the big games.
Having taken points off Manchester City, Arsenal and Everton, they continued the trend at Leicester and produced a fine performance against the division's in-form side.
They played with confidence throughout and, while there were a few nervy moments at the back, they threatened the Foxes' goal consistently.
Even after Pukki had scored with a nerveless finish, he continued to find himself in space behind the Leicester backline and he could well have netted again had it not been for excellent defending from Caglar Soyuncu and Ricardo Pereira, who both produced potentially goal-saving blocks.
Pukki could have also found the net in the first half when he turned Max Aarons' cross wide from close range - his efforts are made all the more impressive as he played the second half with a fractured toe, according to manager Daniel Farke.
Meanwhile, Todd Cantwell shone on his return to the side, playing with a real swagger, while Buendia impressed with his ball-playing ability.
However, despite this confidence-boosting result the Canaries still sit in the relegation zone as we near the midway point in the season, illustrating that they have not been able to produce performances like this one consistently enough.
Man of the match - Caglar Soyuncu (Leicester)
'We need to hit the reset button' - what they said
Leicester manager Brendan Rodgers: ""When you play at home you always want to win. I think the players showed a great mentality. Norwich started bright and deservedly went in front but second half we were much better.
""It just looked like one of those games. It's a point and we need to look forwards now. The players have been brilliant. When you are on that winning run you believe you are going to win every game but of course it does not work like that. We were not 100% on it. We need to hit the reset button.""
Norwich manager Daniel Farke: ""The goal was a fantastic pass and finish. It looks like [Teemu Pukki] has fractured his toe which is a worry but if he had been fully fit he might have got those goals.
""He is in brilliant shape at the minute but he is in a lot of pain. The fact he wanted to play on shows his character.""
Norwich goalscorer Teemu Pukki: ""I am happy. Leicester is a hard place to come to and they have been on an amazing run.
""I am a bit disappointed as I had some chances I could have got in. We had to be more defensive in our tactics and set-up today and go from there but I think we could have had a few more goals today. I am happy to be back scoring again. We have been getting points lately but now we need to start winning games.""
Leicester's James Maddison: ""I think it's two points dropped. We know Norwich are a threat even if the table does not show that. They are fighting for their life.
""It just didn't drop for us today - it was important that we did not lose today. When the game is not going our way we have to make sure we do not lose, and we managed that.""
Pukki the Canaries' key man - the stats
- Leicester City are unbeaten in their last nine Premier League games, picking up 25 points in the process (eight wins, one draw). Against Norwich, the Foxes dropped points at home for the first time since the opening weekend against Wolves. 
- Norwich have won just once in their last 12 Premier League games (three draws, eight defeats). 
- Norwich have won four points in their last three away games in the top-flight, as many as in their previous 16 combined. 
- Teemu Pukki has been directly involved in 12 Premier League goals this season (nine goals, three assists), twice as many as any other Norwich player. 
- Since the start of last season, Norwich's Teemu Pukki has scored more league goals (excluding play-offs) than any other player in England's top four tiers (38). 
- Since August 2018, Emiliano Buendia has provided more league assists than any other Norwich player (17). 
- Norwich goalkeeper Tim Krul scored his first ever Premier League own-goal, in what was his 172nd appearance in the competition. 
What's next?
Leicester's next match sees them take on Everton in the Carabao Cup quarter-finals at Goodison Park on Wednesday (19:45 GMT), before they travel to the Etihad to face Manchester City on Saturday (17:30).
Meanwhile, Norwich's next match sees them host Wolves in the Premier League on Saturday (15:00)."
9,espn,https://www.espn.co.uk/football/match/_/gameId/541583/watford-manchester-united,"Man United v Watford
Match Timeline
KOHTFT
Team Stats
58%
Possession
42%
9
Shots on Goal
2
21
Shots
7
6
Fouls Committed
15
0
Yellow Cards
1
0
Red Cards
0
3
Corners Won
5
2
Saves
5
Data is currently unavailable.
© ESPN Enterprises, Inc. All rights reserved."
9,guardian,https://www.theguardian.com/football/2020/feb/23/manchester-united-watford-premier-league-match-report,"After a dour start this became the Bruno Fernandes and Anthony Martial show. Each have the quality Manchester United require to challenge for a Champions League place, this win lifting them up two places to fifth.
Both scored while showing their teammates how to turn a contest. In the closing stages Mason Greenwood caught on, starting and finishing a move for the 11th goal of the 18-year-old’s breakthrough season, the final pass to him coming from Fernandes.
It is more than a year since United have claimed three consecutive league victories and they go to Everton on Sunday searching to end this run. “I hope [we can beat them] because there are four big league games coming up – Everton, Manchester City, Tottenham and Sheffield United,” Ole Gunnar Solskjær said.
The manager changed two from last Monday’s win at Chelsea – Victor Lindelöf replaced Eric Bailly and Greenwood came in for Brandon Williams – while Nigel Pearson’s only adjustment from a draw at Brighton 15 days ago was a preference for Craig Dawson in place of Adrian Mariappa.
The contest nearly began awfully for United when Nemanja Matic and Harry Maguire dithered, allowing Troy Deeney a sight of David de Gea’s goal but he fluffed the chance. “A shambles,” said Solskjær of the mix-up.
United are flaky in defence because of the gap often allowed between rearguard and midfield. Sensing this, Roberto Pereyra skated forward and found Gerard Deulofeu to the left, he passed to the unmarked Abdoulaye Doucouré and the home team were lucky he could not finish.
Profligacy was becoming a theme. The next to show a blunt edge was Aaron Wan-Bissaka. This time the chance came when Daniel James’s cross was parried to the right-back’s feet but he shot into the side netting.
It was a bits-and-pieces contest that lacked a touch of class where it mattered. Even Martial wildly ballooned a 25-yard effort. At least, though, the buildup impressed: a Maguire challenge winning the ball, Fred then being fed and racing over halfway, before Martial became involved.
At the 30-minute mark came a collector’s item: a curving Doucouré shot that De Gea had to fling himself right to save. James and Fred then added to the number of spurned opportunities: both firing over the bar.
Then came the breakthrough via a slick James ball that slipped in Fernandes. He swerved around Ben Foster and the keeper brought him down to concede a penalty.
Fernandes took this with the swagger United have missed in recent years: an odd-looking hop straight up in the air sent Foster to his right before he slotted a first goal for United. As the break approached he could and should have had a second but spooned wide from Martial’s pass.
Still, that was Fernandes’s 13th straight penalty converted in top-flight football and neatly set up United for the second half. Yet when Luke Shaw conceded a corner disaster came close to striking when it was delivered from the right and Deeney bundled home. Yet as at Chelsea (twice) VAR saved United: Dawson was adjudged – correctly – to have elbowed the ball on to the left post before his captain’s finish.
If this caused inevitable glee from United fans, the emotion was nearly superseded by jubilation when James – in his best display for a while – played in Greenwood. The teenager’s pivot-and-pass across Foster’s goal was inviting and Adam Masina was relieved to clear.
What came next was a Martial special. The centre-forward had been quiet before waking to show his killer instinct. Fernandes was the craftsman, threading the ball through, and Martial the artist. When Foster blocked his initial shot the 23-year-old was in a cul-de-sac manned primarily by Étienne Capoue. Yet Martial performed a drag-back that left the Watford player a spectator before, from under Foster’s nose, he chipped a third goal from three games in the last seven days.
Solskjær said: “I am delighted with the week Anthony has had. He has got his critics and I am one of the biggest. The skill for the goal is just mind-blowing.”
If he trusted his left foot he might have hit Fernandes’s free-kick home for a third. Maguire, too, was gifted a golden chance – again from Fernandes – with a clear header but fluffed his big moment.
Yet Greenwood’s emphatic strike, pin-balling off the frame of the goal, sent United and their fans home even more content.
Comments (…)
Sign in or create your Guardian account to join the discussion"
9,espn,https://www.espn.co.uk/football/match/_/gameId/605777/watford-manchester-united,"67%
Possession
33%
3
Shots on Goal
2
22
Shots
10
Fouls Committed
7
0
Yellow Cards
Red Cards
4
Corners Won
Saves"
10,espn,https://www.espn.co.uk/football/match/_/gameId/605882/manchester-united-norwich-city,"47%
Possession
53%
5
Shots on Goal
11
Shots
13
6
Fouls Committed
17
1
Yellow Cards
0
Red Cards
8
Corners Won
4
Saves"
10,bbc,https://www.bbc.co.uk/sport/football/59529643,"Norwich 0-1 Manchester United: Cristiano Ronaldo penalty earns win for Red Devils
- Published
- comments
Cristiano Ronaldo's penalty earned Manchester United a narrow victory over Norwich to maintain Ralf Rangnick's unbeaten start as interim manager.
Ronaldo sent Tim Krul the wrong way on 75 minutes after the Portuguese had been hauled down by Max Aarons on the edge of the six-yard box.
The Red Devils had offered little attacking threat before then, though Alex Telles hit the bar with a deflected free-kick during the first half.
They also had David de Gea to thank for two fine stops to deny Teemu Pukki and Ozan Kabak as Norwich put in a spirited display.
There was concern for Victor Lindelof when he was forced off during the second half holding his chest, though Rangnick said the Sweden defender had had tests and ""seems OK"".
The win moves Manchester United above Arsenal and Tottenham into fifth place. Norwich stay bottom on goal difference, three points from safety.
Ronaldo rescues United
After making made a raft of changes for the midweek Champions League draw with Young Boys, Ralf Rangnick restored the XI that beat Crystal Palace in his first game in charge last weekend.
But despite having a full week to prepare, United looked sluggish and rarely threatened against a side who have conceded more goals than any other in the Premier League this season.
Ronaldo had to wait until the 38th minute to get his first sight of goal, running on to Scott McTominay's pass before cutting inside and curling in a left-foot shot that was palmed away by Krul.
United faded further in the second half but, like against Palace, managed to find a way, with Ronaldo emphatically dispatching the match-winning spot-kick after Aarons had dragged him down while attempting to meet a right-wing cross.
De Gea also maintained his fine form this season, diving full stretch to tip a fizzing Pukki drive over the bar before clawing away Kabak's goalbound header late on.
It means the Red Devils have kept successive Premier League clean sheets for the first time since a run of four from February to March 2021, and have won three consecutive league games for only the second time this season.
There is also a bit of history for Rangnick, who became the second Manchester United manager to register a clean sheet in his first two league games in charge after Ernest Mangnall in 1903.
Spirited Norwich fall just short
Injury, ineligibility and illness forced Norwich boss Dean Smith into five changes to the side that lost at Tottenham last week, including a first start of the season for Przemyslaw Plachet, and recalls for Kabak and Dimitrios Giannoulis - whose last start was the 7-0 defeat at Chelsea in October.
They suffered a further injury blow after 20 minutes when captain Grant Hanley was forced off with a shoulder injury, with midfielder Jacob Sorensen having to come on and play alongside Kabak in the Canaries' defence.
But despite the patched-up nature of the side it was a performance full of effort and endeavour.
A lack of attacking threat again let them down - no team has scored fewer than Norwich's eight goals in the Premier League this season - though they can rightly point to an impressive performance by De Gea.
There was also some good news on the injury front when Todd Cantwell came off the bench in the second half for just his second appearance since September.
Despite the disappointment of defeat it was a performance to build on as Smith prepares to welcome former club Aston Villa to Carrow Road next week.
- Our coverage of your Premier League club is bigger and better than ever before - here's everything you need to know to make sure you never miss a moment"
10,guardian,https://www.theguardian.com/football/live/2021/dec/11/norwich-v-manchester-united-premier-league-live,"Sam Dalling’s match report has landed, so I’ll leave you with that. Thanks for your company and emails - goodnight.
Maguire says that Victor Lindelof, who came off with what looked like chest pains, “felt a little bit of discomfort” and that he’s fine in the dressing-room.
The thoughts of Harry Maguire
“We didn’t play as well as we’d have liked, but sometimes you have to dig in away from home. It was a good atmosphere and tough conditions to play in. The most important thing was the three points. For sure we need to play better than that if we’re going to achieve what we want to achieve. Our intensity wasn’t the same as it was against Crystal Palace. We stuck together and kept another clean sheet, and if we do that we’ll have a great chance of winning football matches.”
Still want more?
Sure you do.
The win moves United back to fifth, behind West Ham on goal difference. West Ham have a game in hand, away to Burnley tomorrow.
Another 1-0 win for Ralf Rangnick, though it was nowhere near as impressive as the victory over Crystal Palace. Norwich deserved at least a draw, and would have got one but for some fine saves by David de Gea. The game was settled by Cristiano Ronaldo’s emphatic 75th-minute penalty, awarded when he was dragged over by Max Aarons.
Full time: Norwich 0-1 Man Utd
Peep peep!
90+5 min He does indeed, and it hits the wall.
90+4 min The free-kick is close to the left corner of the area, just a couple of yards forward. The angle is tight but I think Rashford fancies a shot...
90+4 min The indefatigable Fred charges forward and is fouled just outside the area by Lees-Melou. He’s booked.
90+2 min: Excellent save from de Gea! The resulting free-kick brushed the head of Ronaldo and reached Kabak, whose header was pawed away at the near post by de Gea. I think Kabak was subsequently given offside, though de Gea wouldn’t have known that at the time.
90+1 min Cantwell is fouled by van de Beek, 22 yards from goal and almost in line with the left edge of the area. I don’t think it was a foul, on reflection.
90 min Five minutes of added time.
89 min “Hi Rob,” says Peter Oh. “As an American fan of football (but not of United) who recently watched the Beatles documentary, I would like to see Sargent pepper De Gea’s goal a couple of times before the final whistle. Don’t Let Me Down!”
What have the Wonderstuff got to do with it?
88 min Fernandes bobbles a shot wide from the edge of the area after turning smartly onto Fred’s pass. That’s his last touch: he is replaced by Donny van de Beek.
86 min: Chance for Ronaldo! Telles wins the ball off Aarons and gives it to Rashford. He runs 60 yards, beating Sorensen with ease on the edge of the area, and screws the ball across the area with his left foot. It’s slightly behind Ronaldo, who lifts it over the bar from six yards with his left foot. It was still a good chance, though Rashford’s pass wasn’t the best. Shame as it was a lovely run.
84 min Whatever the result, this has been a really encouraging performance from Norwich, especially when you consider all the players they are missing. If this is their level, tey have every chance of staying up.
82 min: So close from Gilmour! Sargent’s cross from the right deflects to Gilmour on the edge of the area. He whacks a first-time drive with his right foot that is blocked by Dalot. The ball rebounds to Gilmour, who hits another first-time shot, this time with his left foot. It takes a big deflection off Bailly, wrongfoots de Gea and goes just wide.
81 min Pukki’s layoff is just behind McLean, unmarked 10 yards from goal.
81 min I doubt even Fred the Red would begrudge Norwich a draw in this game. They’ve played very well, especially in the second half, while United have been nowhere near their best.
80 min “The penalty wasn’t dodgy,” says Adam Roberts. “That was definitely a foul.”
79 min The substitute Bailly adds a bit of levity to proceedings by making two mistakes in the same Norwich attack. First he runs straight past the ball, allowing Sargent to move dangerously towards the United area. Then, after winning the ball back, Bailly gives it straight to Lees-Melou. He has a shot that is blocked.
78 min “Penalty my a***,” says Ben Heywood.
77 min: Great save by de Gea! Dalot is booked for a foul on Sargent, who has had a fine game on the left wing. The resulting free-kick is dumped into the area, where Kabak towers over Maguire and plants a downward header back across goal. De Gea dives to his right and pushes it away, an outstanding save.
77 min Pierre Lees-Melou replaces Lukas Rupp, who has played well in midfield for Norwich.
76 min Dean Smith is giving the fourth official a mouthful about the aweasrd of the penalty. Ronaldo probably made the most of it, but it was daft defending from Aarons and a clear penalty. You can’t put your arm round someone’s neck like that.
GOAL! Norwich 0-1 Man Utd (Ronaldo 75 pen)
Ronaldo runs round the ball and then smashes it into the left-hand corner. Krul, who tried his best to unsettle Ronaldo beforehand, went the wrong way.
McTominay flipped a cross towards Ronaldo, who fell over under pressure from Aarons. Norwich are fuming but Aarons put his arm around Ronaldo’s neck, and in many cultures that’s deemed a foul.
73 min: PENALTY TO UNITED!
72 min Lindelof is walking down the tunnel. He wanted to continue, I think, but the physios dissuaded him. Eric Bailly, who wasn’t exactly in a hurry to get ready, will replace him.
71 min Victor Lindelof is receiving treatment. He’s motioning towards his chest, which is a worry, and he is going to leave the field. He seems okay but you could tell something wasn’t right from the expression on the faces of the other United players.
70 min And now a change for Norwich: Todd Cantwell replace Przemyslaw Placheta on the right wing.
69 min Norwich break dangerously through Pukki, who plays a nice one-two with Rupp but then overhits an admittedly difficult crossfield pass to Placheta.
67 min Man Utd make their first change: Mason Greenwood replaces Jadon Sancho. That’s slightly surprising as the front two have been poor, but Rangnick made the same change last week. That suggests it might be a fitness issue.
67 min Rashford turns Sorensen neatly, 25 yards from goal, and pokes a pass towards Ronaldo in the area. He is smothered by two or three Norwich defenders.
65 min Before the game I’m sure Dean Smith would have been thrilled with a 0-0, given all the players Norwich are missing, but now he’ll see this as a great opportunity for a famous victory. Norwich have been the better team, certainly in the second half.
64 min “Not even sorry” is the subject of Matt Dony’s email, and you’ll soon realise why. “Giannoulis? He came from Greece, he had a thirst for Norwich. He’s studying defence in Cristiano’s college.”
63 min United make a mess of a promising position. Rashford moves into the area but then plays a pass slightly behind Ronaldo, who in turn fails to find Bruno Fernandes."
11,espn,https://www.espn.co.uk/football/match/_/gameId/627172/norwich-city-wolverhampton-wanderers,"65%
Possession
35%
3
Shots on Goal
5
9
Shots
10
11
Fouls Committed
1
Yellow Cards
6
0
Red Cards
Corners Won
4
Saves"
11,skysports,https://www.skysports.com/football/wolverhampton-wanderers-vs-norwich-city/teams/462179,"Wolverhampton Wanderers vs Norwich City; The FA Cup Fourth Round
                        Full Time
                        After Extra Time
                        This is a live match.
                        Extra Time
                        Half Time
                      
                
                      Wolverhampton Wanderers vs Norwich City. The FA Cup Fourth Round.
MolineuxAttendance30,736.
                
                
        
                        
        
                            Teams
                
                    
        
                
        
        
            Wolves
- 21
- J Ruddy
- 23
- M Kilman
- 16
- C Coady (c)
- 24
- 
                          
                            T
                              Gomes
                          
                          
            
                            
- 22
- N Cabral Semedo
- 32
- 
                          
                            L
                              Dendoncker
                          
                          
            
                            
- 8
- 
                          
                            R
                              Neves
                          
                          
            
                            
- 28
- J Moutinho
- 3
- R Ait Nouri
- 17
- F Soares Silva
- 10
- D Podence
Substitutes
- 20
- 
                          
                            F
                              Tomás Oliveira
                          
                          
            
                            
- 1
- J Sá
- 2
- K Hoever
- 5
- F Marçal
- 9
- 
                          
                            R
                              Jiménez
                          
                          
            
                            
- 39
- L Cundle
- 77
- C Campbell
Norwich
- 33
- 
                          
                            M
                              McGovern
                          
                          
            
                            
- 3
- S Byram
- 5
- 
                          
                            G
                              Hanley
                           (c)
                          
            
                            
- 4
- B Gibson
- 21
- 
                          
                            B
                              Williams
                          
                          
            
                            
- 20
- 
                          
                            P
                              Lees-Melou
                          
                          
            
                            
- 8
- 
                          
                            B
                              Gilmour
                          
                          
            
                            
- 23
- 
                          
                            K
                              McLean
                          
                          
            
                            
- 11
- P Placheta
- 35
- 
                          
                            A
                              Idah
                          
                          
            
                            
- 17
- 
                          
                            M
                              Rashica
                          
                          
            
                            
Substitutes
- 2
- M Aarons
- 10
- 
                          
                            K
                              Dowell
                          
                          
            
                            
- 16
- 
                          
                            M
                              Antonsen Normann
                          
                          
            
                            
- 18
- C Tzolis
- 22
- 
                          
                            T
                              Pukki
                          
                          
            
                            
- 28
- A Gunn
- 30
- D Giannoulis
- 46
- 
                          
                            J
                              Rowe
                          
                          
            
                            
- 58
- J McCracken
Match Officials
- David Coote
- Nicholas Hopton, Wade Smith
- Michael Salisbury
- Paul Tierney
- Constantine Hatzidakis"
11,bbc,https://www.bbc.co.uk/sport/football/60266419,"Wolves 0-1 Norwich: Kenny McLean scores winner in FA Cup fourth round
- Published
- comments
Kenny McLean scored a first-half winner as Norwich beat fellow Premier League side Wolves in the FA Cup fourth round.
Scotland midfielder McLean flicked in a header into the far corner from compatriot Billy Gilmour's cross.
Norwich striker Adam Idah was twice denied by John Ruddy, while Wolves were desperately poor in the first half.
Although Daniel Podence struck a post and Ruben Neves connected with a volley in an improved second-half showing, Bruno Lages' side could not equalise.
Striker Raul Jimenez, who scored the winning goal against Panama in World Cup qualifying on Thursday, was introduced in the 64th minute but dragged a shot wide in stoppage time.
Dean Smith has galvanised Norwich since taking over in November, leading them out of the Premier League relegation zone and now taking them into the fifth round of the FA Cup for only the second time in 10 seasons.
Up until McLean's 45th-minute goal, it was a drab contest with few chances.
The home side failed to muster a single shot on target before half-time, but they applied pressure in the second half with Podence going closest and Nelson Semedo having a low drive gathered by Michael McGovern.
Norwich could have added a second late on when substitute Kieran Dowell's low drive was superbly pushed away by former Norwich keeper Ruddy.
- Is this the ultimate test of endurance? How a rower with incurable cancer broke an Atlantic record 
- This Is Going To Hurt: Ben Whishaw stars in an adaptation of Adam Kay's hit memoir of life as a junior doctor"
11,espn,https://www.espn.co.uk/football/report/_/gameId/627172,"Skip to main content
Skip to navigation
ESPN
Football
Football
NFL
NFL
NBA
NBA
F1
F1
Rugby
Rugby
MMA
MMA
Cricket
Cricket
More Sports
More Sports
Disney Plus
Fantasy
Fantasy
Search
Wolves v Norwich City
English FA Cup, Fourth Round
Wolverhampton Wanderers
Wolves
WOL
0
FT
Norwich City
Norwich City
NOR
1
Kenny McLean - 45'+1'
Gamecast
Commentary
No Story Available"
12,espn,https://www.espn.co.uk/football/match/_/gameId/605698/norwich-city-aston-villa,"45%
Possession
55%
6
Shots on Goal
3
21
Shots
9
16
Fouls Committed
8
4
Yellow Cards
1
0
Red Cards
2
Corners Won
Saves"
12,bbc,https://www.bbc.co.uk/sport/football/61198620,"Aston Villa 2-0 Norwich City: Canaries relegated from Premier League
- Published
- comments
Norwich were relegated from the Premier League with defeat against Aston Villa at Villa Park.
The tame loss, coupled with Burnley's dramatic comeback win at Watford, left the Canaries bottom of the table and 13 points from safety with four games to play.
Their fans continued to support as a relegation that has looked on the cards for some time was confirmed.
Ollie Watkins put Villa ahead in the first half, capitalising on a slip from Brandon Williams before lashing high into the net.
Williams' error summed up Norwich's season, as did their lack of potency in front of goal. They created limited openings, while Villa hit the woodwork in each half.
Danny Ings added a late goal in stoppage time to add to Norwich's misery.
Manager Dean Smith said ""plans are already in place"" for their bid to return to the top flight.
""I think over the past four to five weeks, there's probably been an inevitability about it,"" he added.
""I'm disappointed that we got relegated today because I thought our performance was good, but unfortunately over the season, the performances have not been good enough and we've lacked the quality required in this league.
""[The players] are very down, very dejected.""
The low-key win for Villa ended a five-match winless run, lifted them to 13th in the table and took them to the 40-point mark.
Norwich head back to the Championship - again
This is the third successive time Norwich have been immediately relegated following promotion to the Premier League.
The afternoon was particularly painful for Smith, given that he left Villa earlier this season.
In truth, Norwich's slide back to the second tier has looked likely throughout a season when they have rarely reached the standard required of a top-flight team.
Again, they were spirited and had good spells in possession, but their lack of threat in front of goal was once again laid bare, a diving stop to deny Milot Rashica from distance the only serious save Villa keeper Emiliano Martinez had to make.
Norwich have the fewest shots (336), fewest shots on target (100) and lowest shot conversion rate (7%) of all Premier League sides this season.
There were issues at the back too, with Villa's opener coming from a long, hopeful ball that was not cleared, even before Williams' slip. The full-back was also outmuscled by Watkins, whose finish was aided by a slight deflection.
At full-time the Norwich fans applauded their side's effort and there was no outpouring of emotion.
The club's joint majority shareholder Delia Smith watched from the stands and some may again question the hierarchy's resistance to spending big following promotion.
But their prudency, and manager Smith's previous promotion with Villa, should leave Norwich well placed to bounce back once again.
""We will try everything to come up again,"" said Smith. ""It is a very difficult league to stay in. I spent £125m at Villa [after promotion in 2019] to keep us up.
For Villa this was a much-needed boost. It all but ends any fears of an unlikely slip towards relegation themselves, their winless run having seen them drop from ninth to 15th.
Manager Steven Gerrard handed a full debut to 18-year-old England Under-19 midfielder Tim Iroegbunam, who was solid in a holding role.
- Our coverage of your Premier League club is bigger and better than ever before - here's everything you need to know to make sure you never miss a moment"
12,guardian,https://www.theguardian.com/football/2022/apr/30/aston-villa-norwich-premier-league-match-report,"Dean Smith took a moment, as he left the pitch after his first relegation as a manager, to return the applause coming from all four corners of Villa Park. The moment came just after Norwich’s sixth demotion from the Premier League, a record, was confirmed.
As Burnley mounted their late comeback to win at Watford and move away from Norwich, goals from Ollie Watkins and Danny Ings helped Aston Villa to their first victory in six matches. It left Villa on 40 points, all but securing their own status.
Steven Gerrard was gracious enough to pay tribute to the job his predecessor did at Villa Park and to predict Norwich will, once again, be challenging for promotion next season.
“I’m disappointed for Norwich and Dean but it was always going to be a massive mountain to climb and I’ve got no doubt they’ll be one of the favourites to come back up,” said the Villa manager, who took over after Smith left here in November.
Smith will be remembered at Villa for the thrilling run to their playoff triumph in 2019. His nous in the second tier, where he also thrived with Brentford, should be a positive factor for the archetypal yo-yo club.
“Unfortunately, over the season, our performances haven’t been good enough,” Smith said. “We’ve lacked the quality required in this league.
“My reaction is bitter disappointment and I take full responsibility. Over the last four or five weeks there’s probably been an inevitability about it. We haven’t improved enough to stay in the league but there’s certainly a lot to work with. There’s some really good players at this football club that I think can get better but they’ve found the step to the Premier League a bit hard.”
The all-important first goal came after an enforced change. Leon Bailey was substituted with an ankle injury and the first touch from Ings, the substitute, led to Watkins firing home his ninth Premier League goal of the season.
Watkins was a livewire all day, volleying just over in the sixth minute and constantly threatening to get in behind. His goal always looked likely to provide the springboard for Villa to play on the counterattack while allowing Norwich to enjoy relatively harmless possession.
The England striker’s explosive finish came within a minute of the first-half substitution that encouraged Gerrard to make a key tactical change. After Bailey, who had had a superb left-foot shot tipped on to the crossbar by Tim Krul as Villa chased an early breakthrough, went off, the emergence of Ings allowed Villa to switch to a midfield diamond, with Philippe Coutinho at the tip.
Ings took up a position high and wide on the left and his first contribution was a long diagonal that sent Watkins running away into the inside-right channel in a one-on-one battle with Brandon Williams.
As Watkins headed the ball up, Williams slipped, and Villa’s leading scorer composed himself before lashing home a right-foot shot, diverted slightly off the covering Sam Byram, high into the net.
Ings headed against the post early in the second half as Villa continued to make chances. Norwich came closest to scoring when Emi Martínez made a brilliant save from Milot Rashica midway through the first half, but Villa deserved the win, which was sealed in stoppage time when Emi Buendía’s attempted control fell for Ings to swivel and shoot home.
Gerrard said his side looked better when they had two up front but wants the option of playing with different systems. Either way, he wants his team to be more ruthless.
“It helps when you play with top strikers,” he said. “I would like to have more killers in the team, as we had chances to score more than two goals. If we were ruthless earlier, I think we would have run away with the game. But in terms of Danny and Ollie, I’m really pleased with them.
“I want the top end of the pitch to be unpredictable, I want to have options and I want to have players who can create different problems to make us versatile. But the back end of the team has stayed pretty much the same and we’ve had five clean sheets out of nine, and two in a row, so we’re doing a lot of right things from a defensive point of view.”
Comments (…)
Sign in or create your Guardian account to join the discussion"
13,espn,https://www.espn.co.uk/football/match/_/gameId/605678/norwich-city-wolverhampton-wanderers,"64%
Possession
36%
4
Shots on Goal
2
17
Shots
11
5
Fouls Committed
10
0
Yellow Cards
3
Red Cards
Corners Won
1
Saves"
13,guardian,https://www.theguardian.com/football/2022/may/15/wolves-norwich-premier-league-match-report,"Rayan Aït-Nouri’s first goal in 19 months salvaged a point for Wolves but the defender’s first goal since his debut was not enough to keep alive his side’s mathematical hopes of a return to the Europa League.
They were forced to come from behind after Teemu Pukki’s 11th goal of the season gave Norwich a first-half lead. The relegated visitors did at least end a run of five straight defeats but they remain bottom of the Premier League.
The visitors wasted two glorious chances to open the scoring inside the first 15 minutes through Pukki. They twice found a way through Wolves too easily, first when Kieran Dowell slipped in Pukki and the striker skewed a poor effort wide of the far post with just John Ruddy to beat. Soon afterwards, Mathias Normann clipped a fine pass behind the home defence only for Ruddy to deny Pukki, with Toti Gomes mopping up as Dowell tried to pounce.
Wolves were yet to find second gear, a few nice touches from João Moutinho aside, and failed to seriously trouble a defence which had already conceded a league-high 78 goals.
The majority of the first half was played at pre-season pace with the home fans imploring their club not to sell Rúben Neves – linked with a summer move – as the on-pitch action failed to catch their attention. Bruno Lage afterwards stressed that the club were also keen to keep Neves.
Raúl Jiménez’s ambitious volley dropped over but the hosts were too pedestrian and paid the price eight minutes before the break. Max Aarons seized on a loose ball and fed Pukki on the right, with the striker cutting inside faced by Conor Coady and Toti. Both defenders encouraged the Finland international by giving him too much space and the striker’s effort took a slight deflection off Coady to wrongfoot Ruddy and roll in.
Wolves could only improve and Pedro Neto drilled wide after the break before they levelled 10 minutes into the half. Chiquinho’s half-time introduction had lifted Wolves from their slumber and he was tripped by Dimitris Giannoulis on the right.
Norwich failed to clear Moutinho’s fine free-kick and the ball bounced kindly for Aït-Nouri – who still had plenty to do – to loop a header into the bottom corner. But Wolves, who have not won in six games, lost momentum quickly and could not find another way through as the game meandered to a draw.
Dean Smith said of his Norwich side’s display: “I enjoyed it, it was a good disciplined performance. We needed to stop the bleeding, we had been giving away too many big chances and goals since we got relegated so we put an extra man in defence.
“I thought it worked well, we restricted them. One thing Teemu will be disappointed with is he could have had the match ball at half-time.”
Comments (…)
Sign in or create your Guardian account to join the discussion"
13,skysports,https://www.skysports.com/football/news/11095/12612008/wolves-1-1-norwich-honours-even-at-molineux-as-rayan-ait-nouri-gives-hosts-a-point,"Wolves 1-1 Norwich City: Honours even at Molineux as Rayan Ait-Nouri gives hosts a point
Free highlights and match report as Wolves and Norwich City play out a 1-1 draw in the Premier League; Teemu Pukki opened the scoring in the first half; Rayan Ait-Nouri's second-half header earned Wolves a point; the hosts stay in eighth, while Norwich remain bottom of the table
Sunday 15 May 2022 17:43, UK
Rayan Ait-Nouri's second-half header earned Wolves a 1-1 draw with already-relegated Norwich City at Molineux, cancelling out Teemu Pukki's first-half opener.
In a game with very little riding on it, it was the Premier League's bottom side who deservedly opened the scoring eight minutes before half-time through Pukki's well-taken strike.
However, in their final home match of the season, Wolves drew level 10 minutes into the second half when wing-back Ait-Nouri stooped to head home after a scramble in the box.
As a result, Dean Smith's team stay rooted to the foot of the table, while Wolves remain in eighth place.
How Wolves and Norwich shared the spoils at Molineux
With both managers ringing the changes after heavy midweek defeats, it was little surprise the contest was disjointed at the start, although it was the visitors who started the brighter, with Pukki spurning two chances to open the scoring.
However, faced with just John Ruddy to beat on both occasions, the Canaries' top scorer firstly missed the target, before the former Norwich goalkeeper then denied him with an excellent block, as well as some help from new boy Toti, who was on hand to make a vital clearance before Kieran Dowell could knock in the rebound.
The Finland international's clever runs were causing the home defence all kinds of problems before the break and so it was no surprise when the striker gave Norwich a 37th-minute lead, despite there initially appearing little danger when he collected Max Aaron's lofted pass into the channel.
But with both Willy Boly and Conor Coady backing off, Pukki took full advantage by dribbling into the box and firing a low shot through the Wolves captain's legs and into the bottom corner of the net, leaving Ruddy helpless at his near post.
Coady paid for that hesitant defending with the hook at half-time, replaced by young Portugal winger Chiquinho, whose introduction breathed new life into the hosts with his driving runs down the right.
In fact, it was the substitute's quick feet in a tight spot near the touchline that won his side the free-kick from which they levelled matters after 55 minutes as Boly rose highest to meet Joao Moutinho's inviting centre and after Norwich failed to clear their lines, Ait-Nouri cleverly cushioned a header into the far corner.
And Wolves very nearly turned the game on its head minutes later after more good wing play by Chiquinho, only for Gunn to produce one of the saves of the season to somehow get fingertips to turn over Pedro Neto's close-range header.
However, neither team deserved to take all three points as Wolves' once promising early-season campaign fizzled out, with Lage's team now unable to catch West Ham in seventh.
Wolves' winless run continues - Opta stats
● Wolves are winless in their last six Premier League games (D2 L4), their longest run without victory within a single season in the competition since January 2021 (8 games, D3 L5).
● Wolves remain unbeaten against Norwich in their last six league encounters (W3 D3), drawing home and away against the Canaries in a league season for the first time since 1998-99 (0-0 and 2-2 in the second tier).
● Norwich are winless in their last three away league games against Wolves (D2 L1), while winning just one of their last 17 such league games (D7 L9), while the Canaries remain winless in 11 top-flight away matches against the Wanderers (D3 L8).
● Rayan Ait-Nouri scored his second Premier League goal for Wolves, his first in 42 appearances since netting on his debut in the competition in October 2020 (against Crystal Palace).
● Conor Coady made his 150th Premier League appearance for Wolves, the first player to reach this milestone in the competition for the club.
Norwich must keep hold of Pukki this summer
Analysis by Sky Sports' Richard Morgan:
One shudders to think just how much worse Norwich City's already demoralising season would have been but for Teemu Pukki.
The Finland international earned his side a deserved point at Wolves on Sunday afternoon after a fine solo goal - his 11th in the Premier League so far this campaign in 36 matches easily making him the Canaries top scorer, and that's not including three assists as well to his name.
In fact, the striker has now been directly involved in 61 per cent (14/23) of all already-relegated Norwich's goals in the top flight this season, with only Alan Shearer (62% for Blackburn in 1995-96) and Matt Le Tissier (69% for Southampton in 1993-94) having ever been involved in a higher share of their team's goals in a single campaign in the competition.
Numbers which surely make it vital manager Dean Smith and the club keep hold of the 32-year-old this summer if they harbor any ambitions to come straight back up next season.
Lage: If Neves stays, I'll be happy
Wolves manager Bruno Lage:
Boss Bruno Lage insists Wolves are singing from the same hymn sheet with their desire to keep Ruben Neves.
Fans serenaded the midfielder as they chanted for him to stay amid links to Arsenal and Manchester United during Sunday's 1-1 draw with Norwich, singing ""don't sell Neves"".
""I don't know what they sung but if you tell me I will sing the same things,"" said Lage.
""I understand when we are losing the rumours come from anywhere but I don't have any problem with any of them (players) since day one, this is because the club built top professionals.
""It is so hard to find players like this, Ruben is one of them. He has worked hard since the first day.
""We know how the market is and when these kind of players are in a good way some teams can appear and pay. The club have lost players before but last year it was the same, everyone talked about Ruben and nothing appeared.
""I want the best for Ruben and I want the best for the club. If Ruben stays I will be very happy.""
Smith: We needed to stop the bleeding
Norwich manager Dean Smith:
""I enjoyed it, it was a good disciplined performance,"" said Smith. ""We needed to stop the bleeding, we had been giving away too many big chances and goals since we got relegated so we put an extra man in defence.
""I thought it worked well, we restricted them. One thing Teemu will be disappointed with is he could have had the match ball at half-time.
""He has 11 Premier League goals this season and he'll be eager to get more against Tottenham (on the final day).
""I was annoyed with their goal because it was never a free-kick. It was a poor decision and from that they scored and it gave them a lift. We grew back into the game and restricted their chances again. We never ran out of gas.""
Man of the Match - Teemu Pukki
The Finland international was a thorn in the Wolves defence all afternoon long and on another day, may have left Molineux with a hat-trick to his name.
However, a combination of good goalkeeping from former Canaries team-mate John Ruddy and some uncharacteristically wayward finishing from the man himself meant he had just the one goal.
The striker still gave his side the lead, though, after a brilliant solo run and finish for his 11th Premier League goal of the campaign, as well as three assists, a total that easily makes him Norwich's top scorer.
What's next?
Wolves travel to Liverpool and Norwich host Tottenham on the final day of the Premier League season on Sunday at 4pm."
13,bbc,https://www.bbc.co.uk/sport/football/61368178,"Wolves' hopes of European qualification were extinguished as already-relegated Norwich City held them to a frustrating draw at Molineux.
Rayan Ait-Nouri rescued a point after an improved second-half performance by the home side, but it is now just one win from their last seven games.
Because of West Ham's point against Manchester City in London, Wolves can no longer reach the Europa Conference League for next season.
Teemu Pukki gave the Canaries an early lead, but they weren't able to hold on for a final away victory of the season.
There was an end-of-season feel to the game from the start, with both sides lacking form and purpose.
Pukki fired wide after being released by a perfectly-weighted pass from Kieran Dowell, before John Ruddy denied him with a fine save moments later. Toti's well-timed challenge stopped Dowell as he closed in on a tap-in from the rebound.
Wolves dominated possession but were frustrated by Norwich's robust defence for much of the first half.
Their only chance of real note came after half an hour, when Raul Jimenez's cross was headed over by Hwang Hee-chan.
Eight minutes before the break, it was third time lucky for Pukki. He cut in from the right and created a sight of goal before wrong-footing Ruddy for his eleventh goal of the season.
Booed off at half-time, Wolves came out fighting and levelled 10 minutes after the restart. Joao Moutinho's free-kick caused chaos in the area, eventually finding its way for Ait-Nouri to head home.
The mood changed instantly. Chiquinho, a half-time change for the hosts, was causing all sorts of problems and Norwich suddenly looked vulnerable at the back. Pedro Neto nearly put Wolves ahead, only to be thwarted by Angus Gunn.
Bruno Lage's side hunted the winner but were unable to make their dominance count, and he was left frustrated by his side once again conceding first in a match.
""We are frustrated with the result. It has been easy to score goals against us in the last months,"" Lage told BBC Sport.
""We tried to do our best. We changed the dynamic a bit, scored one and should score more. It is a draw, it is not good for us and me. I wanted a good performance and result for the fans who supported us this season.
""Sometimes the games are balanced and we are suffering first and conceding first, even when the opponent is doing nothing.
""Today, we are controlling the game, we tried to find our spaces to play. We are missing some players; it is easy to find spaces against our defence and it is hard for me to be in this moment.""
Wolves rally but can't find breakthrough
It was a much improved second-half display from Wolves as they looked to end their season on home soil with a flourish.
The introduction of Chiquinho made a real difference and they began to find more space in key areas than before, with Norwich looking much less resolute.
But ultimately, Lage's side perhaps won't be sad to see the back of Molineux for the time being as they failed to turn around a drab home record, having won just three of their previous nine in Wolverhampton.
Canaries hold on but rue early misses
There was a reaction from Norwich here, after a difficult few weeks which confirmed their return to the Championship. The heart was evident again, but perhaps the quality wasn't.
It could have been very different had Pukki made good on those opportunities in the first half, and Dean Smith will no doubt be disappointed with the manner of the goal they conceded.
Smith admitted his frustration with Pukki's finishing but was pleased with the way his side defended overall.
""We had three wonderful chances,"" he said. ""Teemu has been put through a number of times. I thought defensively we restricted them to not many chances at all.
""It was a really good, workmanlike performance but I'm disappointed we haven't got all three because we could have been more than a goal up at half-time.
""[The equaliser] was preventable because it wasn't a free-kick. Unfortunately we have decisions like that go against us week in, week out. We are disappointed by that.
""We wanted to stop the bleeding today; we've been conceding too many goals and too many big chances. I thought we did that today. Second half, we were careless on the ball and didn't keep it as well as we did first half. We thoroughly merited the point.""
- Our coverage of your Premier League club is bigger and better than ever before - here's everything you need to know to make sure you never miss a moment"
13,espn,https://www.espn.co.uk/football/match/_/gameId/627172/norwich-city-wolverhampton-wanderers,"65%
Possession
35%
3
Shots on Goal
5
9
Shots
10
11
Fouls Committed
1
Yellow Cards
6
0
Red Cards
Corners Won
4
Saves"
14,espn,https://www.espn.co.uk/football/match/_/gameId/652266/aston-villa-manchester-united,"Man United v Aston Villa
Carabao Cup, Third Round
Anthony Martial - 49'
Marcus Rashford - 67'
Bruno Fernandes - 78'
Scott McTominay - 90'+1'
Ollie Watkins - 48'
Diogo Dalot - 61' OG
Match Timeline
KOHTFT
Team Stats
59%
Possession
41%
8
Shots on Goal
2
19
Shots
5
13
Fouls Committed
13
3
Yellow Cards
3
0
Red Cards
0
7
Corners Won
2
1
Saves
4
Data is currently unavailable.
© ESPN Enterprises, Inc. All rights reserved."
14,espn,https://www.espn.co.uk/football/match/_/gameId/637959/manchester-united-aston-villa,"Aston Villa v Man United
Match Timeline
KOHTFT
Team Stats
42%
Possession
58%
4
Shots on Goal
3
6
Shots
8
6
Fouls Committed
12
3
Yellow Cards
3
0
Red Cards
0
3
Corners Won
5
3
Saves
1
Data is currently unavailable.
© ESPN Enterprises, Inc. All rights reserved."
14,skysports,https://www.skysports.com/football/news/11095/12743896/man-utd-4-2-aston-villa-scott-mctominay-puts-seal-on-comeback-victory-in-crazy-carabao-cup-tie,"Man Utd 4-2 Aston Villa: Scott McTominay puts seal on comeback victory in crazy Carabao Cup tie
Report and free highlights as goals from Anthony Martial, Marcus Rashford, Bruno Fernandes and Scott McTominay see Manchester United overcome Aston Villa in a six-goal second half in which Unai Emery's side had twice led in the tie; United will play Burnley in Carabao Cup fourth round
Friday 11 November 2022 08:25, UK
Manchester United came from behind twice to beat Aston Villa 4-2 in a crazy second half at Old Trafford to progress to the last 16 of the Carabao Cup, where they will host Burnley.
All six goals came after the interval with Erik ten Hag's side falling behind twice before Bruno Fernandes' deflected strike put them ahead for the first time and Scott McTominay sealed it. The result goes some way to avenging Villa's 3-1 defeat of United in Unai Emery's first game on Sunday.
After a dismal 45 minutes, the game came to life after the break with Ollie Watkins opening the scoring before Anthony Martial levelled just 19 seconds after the restart. Diogo Dalot's own goal restored Villa's advantage but then Marcus Rashford found another equaliser.
Fernandes, suspended when the teams met at Villa Park at the weekend, turned the game on its head amid a raucous Old Trafford atmosphere and McTominay ended any hope of a comeback.
United's fourth-round tie will also be at their home ground, with their clash with Vincent Kompany's Championship side Burnley scheduled for the week of December 19.
How Man Utd turned it around
It was a turgid first half in which the only excitement came from Douglas Luiz trying in vain to score from his corner kicks and Bruno Fernandes shooting from 40 yards out from near the touchline. The pace of the game was slow and the thinking of the players was slower.
And then came the second half. Luiz won the ball back in midfield - shades of handball there - and Jacob Ramsey fed Watkins. The striker, having missed out on England's World Cup squad, then showed real composure to dink the ball over debutant Martin Dubravka.
The large away following were still cheering when the equaliser went in. Fernandes, returning to the side following his suspension, raced away down the right and his square pass left Martial with the simple task of slotting the ball beyond Robin Olsen.
That was only the start of the drama, suddenly these five-time winners of this trophy were playing like they wanted to be in the competition. Ashley Young's teasing cross found the head of substitute Leon Bailey. Dalot diverted the nod down into his own net.
This time Villa led for six minutes before Rashford found the equaliser, beating a scrambling Tyrone Mings and the goalkeeper. Old Trafford erupted once more and Olsen found himself having to save again from Rashford and from Harry Maguire. United laid siege.
Olsen had some good moments but the Villa goalkeeper looked shaky throughout and was culpable for the third United goal, his stray pass allowing Fernandes through. The shot deflected off Mings and this time there would be no twist in the tale.
Alejandro Garnacho, lively after coming on as a substitute, provided the glorious pass for McTominay to beat Olsen from close range and United were into the last 16. It was not an easy night's work but it a was deserved win based on the ferocity of their attacking in the second half.
The two goals conceded are the only ones that Ten Hag's team have allowed in their last six home games. Though Villa are a team whose only away win this season came earlier in this competition against Bolton, their supporters will be encouraged that they are playing with purpose again under Emery.
The big positive for United is that - with Cristiano Ronaldo missing through illness - they were still able to score four goals to win the tie. This competition has opened up a little with Chelsea, Arsenal and Tottenham going out. After five seasons without a trophy, there is hope again.
Ten Hag: 'We are in the right direction'
""First half we controlled the game by good pressing, we won a lot of balls in the opponent's half but then we did the wrong things,"" Ten Hag told Sky Sports. ""We were really bad in transition, missing the pass. We missed a lot of opportunities in the first half. Then in the last seven or eight minutes we were sloppy on the ball.
""At half-time we said keep the pressing but be more direct with passing behind their defence. Then we fight back and I'm really proud of the team that they can do that after Sunday's defeat, after two times they're down.
""They play with a high line. Pass the ball behind. We were quite successful with that in the second half.
""The problem in the first half was we had too many touches and missed the moment to pass the ball behind. That's why we brought Eriksen onto the pitch.
""I'm really happy with the resilience. That's why I was so disappointed - I was really mad on Sunday with the performance from us because we didn't fight. We were sloppy, especially in the defensive discipline. A United player always has to show 100 per cent discipline.
""We have to play football in a high intensity. The top teams can do it. We made a step in the right direction. But also find the moments where you can get more composure on the ball to drag an opponent out and find the moments where we can speed up. We are in the right direction but there's still a long way to go.
""Now you have a little bit more time and we can go a little deeper and see where we can improve. We'll have a good reflection on where we can improve.""
Garnacho cameo thrills crowd
Garnacho, the 18-year-old winger from Argentina, helped to turn Young inside and out and the game in United's favour with the crowd urging him on. Ten Hag was asked about the teenager in his press conference, speaking with humour and caution about the future.
""I think it was good that when he came on that he showed a performance, that he had an impact on the game with two assists, some dribbles, some runs in behind,"" said Ten Hag.
""But [there were] also some things he has to improve. For instance, when you are going for a long ball don't go into a header with Scott McTominay, go for the second ball. He has things to learn but it is quite obvious we are really happy with his development and performance tonight and he can contribute to this team.""
Asked if Garnacho could become a regular this season, he added: ""It depends on how his approach is, how his attitude is. When he keeps working, keeps this attitude, then it is possible.
""If he keeps this attitude, wants to improve every day, and he does the right thing in his lifestyle, yeah, then it is possible because you see he has the capabilities to contribute to attacking football and also he can break open a really compact defending line.
""He wants to play in the opponents' half. All teams need players like that, he can outplay them and also in the final decisions he can do the right things. Also can he do the defending stuff and the discipline? If he can do that then it is possible.""
Emery: 'We lost our mentality'
""We competed I think very well and we were having chances to keep for 90 minutes with the spirit and with good balance defensively and offensively,"" said Emery afterwards.
""And the last 15 minutes was the moment we lost a bit of our mentality that we were showing. It is for us to improve and work on in these days before the match against Brighton.
""I learned a lot because each player they gave me a lot of information about their performance. But I was not 100 per cent happy with the performance we were doing on Sunday. Both games there were more good things than bad. The worst moment of those two matches were the last 15 minutes.""
What's next?
Manchester United complete their Premier League schedule before the World Cup with an away game against Fulham at Craven Cottage this weekend. That is live on Super Sunday from 4pm, with kick-off at 4.30pm.
Aston Villa are also on the road down south, and also in Super Sunday action. They face a difficult assignment away to Brighton. That is from 1pm, with kick-off at 2pm."
15,espn,https://www.espn.co.uk/football/match/_/gameId/643716/norwich-city-west-bromwich-albion,"48%
Possession
52%
5
Shots on Goal
2
14
Shots
7
9
Fouls Committed
0
Yellow Cards
Red Cards
6
Corners Won
1
Saves
3"
15,skysports,https://www.skysports.com/football/news/11688/12868157/west-brom-2-1-norwich-city-jed-wallace-winner-keeps-baggies-play-off-hopes-alive-and-ends-those-of-the-canaries,"West Brom 2-1 Norwich City: Jed Wallace winner keeps Baggies' play-off hopes alive and ends those of the Canaries
Report and free match highlights from the Sky Bet Championship match between West Brom and Norwich City at The Hawthorns as goals from Conor Townsend and Jed Wallace cancelled out Josh Sargent's opener and kept Carlos Corberan's men in contention for a place in the play-offs
Saturday 29 April 2023 20:29, UK
West Brom kept their Championship play-off hopes alive and ended those of Norwich as they came from behind to beat the Canaries 2-1 at The Hawthorns.
With Coventry and Millwall having manoeuvered themselves into pole position to secure the two remaining spots in the top six, only the winner of this game would remain in the hunt.
Josh Sargent's clinical finish - his second goal in four games - gave Norwich the lead after 41 minutes, but celebrations were quelled when Conor Townsend curled in a sparkling free-kick in first-half stoppage time.
After the break, Jed Wallace scored what proved to be the winner, when he diverted a cross from Townsend past Angus Gunn.
As a result of the victory, West Brom climb back up to eighth, two points outside the top six ahead of the final day of the season on Monday May 8. Norwich sit 12th, six points off the pace, unable to trouble the top six.
How West Brom won the right to stay in play-off contention
There was plenty of promise from both sides throughout the first half, with fluent attacks aplenty. Sargent twice fired wide from decent positions for Norwich, while Brandon Thomas-Asante was denied by Gunn after latching onto an inviting ball through the middle of the park.
Gabriel Sara was then denied a penalty by referee Bobby Madley, despite replays suggesting Semi Ajayi trod on his foot in the box, with Ajayi going close himself with a powerful header that Gunn tipped over the bar. It was only in the five minutes that preceded the break that the game truly came to life, though.
Norwich took the lead at the end of a spell of West Brom pressure, when Dimitris Giannoulis fed Sargent, whose clinical finish beat Alex Palmer at his near post, but the Baggies levelled right on the stroke of half-time, when Townsend curled a stunning free-kick into the top left corner from just outside the box.
It took a little while for the second half to get going and when it did, West Brom turned the game in their favour for the first time. Thomas-Asante dropped the ball off to Townsend, who swept in a cross that Wallace finished off at the far post.
Norwich boss David Wagner make a quadruple change with just over an hour gone, which facilitated the introduction of outgoing club legend Teemu Pukki, but, if anything, it only served to disrupt any momentum the visitors had generated, with their composure soon evaporating.
With no sign of an equaliser, Baggies boss Carlos Corberan took the opportunity to bring on Jake Livermore for what could be his final appearance for the club, following the news of his departure after six years that came earlier this week.
Player of the match - Conor Townsend
The managers
West Brom's Carlos Corberan:
""It was very important for us to win the three points. After the first game that I coached, we lost against Sheffield United and I remember we were at the bottom of the table, 14 points behind Norwich and 15 outside the play-offs. Now, after the last defeat against Sheffield United the other day, we played against Norwich with one point more and now, with a win, we create more distance.
""Now, we arrive at the last game with options. When you have possibilities, you have to fight until the end to achieve it.""
Norwich's David Wagner:
""To be honest, I think we played a first half that was decent. We created good opportunities, scored a wonderful goal. I think we were very unlucky in the first half with the penalty incident we did not get and with the incident before the free-kick [that Townsend scored from] because, for me, it's totally clear it's a foul in our favour and not a free-kick for West Brom.
""In the second half, we lost our structure. We were not calm enough and we didn't look mature, even if we had the possession. We never really created anything and the goal we conceded was very sloppy. It was a frustrating afternoon because we lost the game.
""Now we know we're in the Championship next season, we will work hard, we will make some big decisions and then we will attack it again next season.""
What's next?
There is just one more round of fixtures left of the Championship season, with all fixtures kicking off at 3pm on Monday May 8. West Brom travel to South Wales to take on Swansea, while Norwich host Blackpool at Carrow Road.
10 IN 10 ON SKY SPORTS! - 10 live Championship games in 10 days
Saturday April 22
Sunday April 23
Monday April 24
Tuesday April 25
Wednesday April 26
Sheffield United 2-0 West Brom
Thursday April 27
Friday April 28
Saturday April 29
Sunday April 30
Cardiff vs Huddersfield, 12pm - Live on Sky Sports Football & Sky Sports app
Monday May 1
Rotherham vs Middlesbrough, 1pm - Live on Sky Sports Football Red Button & Sky Sports app
Blackburn vs Luton, 5.30pm - Live on Sky Sports Football & Sky Sports app
Thursday May 4
Huddersfield vs Sheffield United, 7.45pm - Live on Sky Sports Football Red Button & Sky Sports app"
15,bbc,https://www.bbc.co.uk/sport/football/live/cg5djdj0mj9t,"Josh Sargent kept Norwich City's Championship play-off hopes alive with a dramatic added-time winner against West Brom at Carrow Road.
It was a first victory in five games for Johannes Hoff Thorup's side, while the sixth-placed Baggies were beaten for the first time in seven.
They have not won away from home since November and came closest to a goal in the first half when Mason Holgate's effort was disallowed for offside.
Sargent was denied by Joe Wildsmith early in the game, but the Baggies keeper could not keep out his late shot after the US international was played through by substitute Marcelino Nunez.
The win lifted Norwich up three places to 10th and cut the gap between them and West Brom to five points, with seven games to play.
In the build-up to the game, Canaries head coach Johannes Hoff Thorup insisted that he and the Norwich squad still believed a repeat of last season's run to the play-offs was possible.
They had Scotland's Angus Gunn back in goal following a hamstring injury, but were without left-back Callum Doyle because of a calf problem, while West Brom made two changes with Callum Styles and Tom Fellows included in the starting XI.
The visitors were first to threaten with Gunn fumbling Karlan Grant's shot just wide of the post and away for a corner but then getting down superbly to his right to keep out a Torbjorn Heggem header.
Norwich responded quickly with Borza Sainz putting Sargent through for their only on-target attempt of the first half, but Wildsmith saved with his legs and Ante Crnac curled the follow-up just wide.
Grant again tested Gunn with an effort from outside the box resulting in another corner which led to Holgate finding the net after the home side were unable to clear, only for an offside flag to leave the scoreline goalless at the interval.
The Canaries had the first opening after the break as Kenny McLean played in top scorer Sainz, but his shot was straight at Wildsmith, to the frustration of home supporters perhaps anticipating the Spaniard's 19th goal of the campaign.
The flow of the game was interrupted by a series of free-kicks in the second half before John Swift flashed a shot over the Norwich bar as West Brom looked to generate some momentum going forwards.
A foul by Kyle Bartley allowed Norwich sub Marcelino Nunez to line up a free-kick but his aim was not quite good enough, but with a point each looking like the final outcome, the Chilean produced a perfectly weighted ball for Sargent to run onto and he cut inside before firing home.
West Brom face two big games next, at home to fourth placed Sunderland and away to Bristol City, who are eighth but level on points with them - while Norwich make the trip to bottom club Plymouth next Saturday before Sunderland are the next visitors to Carrow Road three days later.
'The players think we can give it a late push' - reaction
Norwich head coach Johannes Hoff Thorup told BBC Radio Norfolk:
""The players definitely think we can give it a late push and based on that, we needed a win.
""Knowing that we will be without a left-back for probably the rest of the season was one of the reasons behind the different approach because last time we played against West Brom, (Tom) Fellows on the right side created problems for us.
""When you decide to have a five in the backline instead of four, you probably lose a bit of intensity in the first line of your pressing game and that's what we had to accept and do what it takes to be compact as a team.
""At the end of the day, everyone just wants to see us win so we do what is necessary - it's not my favourite kind of football, but I'm not that stubborn, not to do what it takes once in a while to get a result.""
West Brom boss Tony Mowbray told BBC WM:
""I thought the team played extremely well, as good as in my time here, with the control that we had.
""Norwich are a good team with some special individuals but we generally kept them pretty quiet, their keeper was forced to make more saves than ours.
""There's lot to be pleased with but what matters in football is the result at the end of the day and we're all left frustrated and disappointed.
""Sometimes you don't get what you deserve in football and we definitely didn't, it was a cruel day for us."""
16,bbc,https://www.bbc.co.uk/sport/football/teams/arsenal,"Will Arsenal sign Vinicius Jr?published at 14:54 BST 31 July
Sami Mokbel
Senior football correspondent
The future of Vinicius Junior and whether the Brazil forward is more likely to join Arsenal or stay at Real Madrid has been the subject of several questions sent in via our Gunners Ask Me Anything form.
Straightforward question, not a straightforward answer.
Before Arsenal can even think about formalising their interest in Vinicius Jr, they need the player to decide his future at the Bernabeu.
The Spanish club have offered him a new contract, buttalks are at an impasse, with neither party willing to budge as it stands.
Real Madrid, of course, want the player to renew. Truth be told, Vini Jr would like to stay.
But given his current deal expires next summer, opening up the prospect of Real losing him for nothing, the La Liga side need a resolution this summer.
If a new contract can't be agreed - that's when Arsenal come in. But the cost of the deal to bring Vini Jr to the Emirates would be one of the most expensive, if not the most expensive, transfers in British football history in terms of a fee and wages.
Internally, the Gunners believe they have the financial means to complete the transfer.
They are also confident the player would join. However, there are still a lot of ifs, buts and maybes to be resolved before Arsenal find themselves in a position to execute a deal they believe they can pull off.
Ask Me Anything is a service dedicated to answering your questions.
We want to reward your time by telling you things you do not know and reminding you of things you do."
16,guardian,https://www.theguardian.com/football/arsenal,"Arsenal
Read the latest Arsenal news, transfer rumours, match reports, fixtures and live scores from the Guardian
- Arsenal’s title defence: keeping tired players fit and the Vinícius question
- Arsenal target Bruno Guimarães not on Newcastle’s flight to pre-season camp
- This week’s soccer questions: is this Fifa’s Super League moment and can Arsenal land Vinícius Júnior?
- Arsenal make shock approach to sign Vinícius Júnior from Real Madrid
- Arsenal sign Greece forward Christos Tzolis from Club Brugge for £34m
- Arsenal reveal William Saliba out for ‘extended period’ with back injury
- Trossard, Ramos, Dumfries: 10 transfers you may have missed during the World Cup
- Spain’s Mikel Merino: ‘The focus is on being a good human first, then a good footballer’
- Arsenal close in on £34m deal for Club Brugge forward Christos Tzolis
- Leandro Trossard set for Besiktas move after Arsenal agree deal with Turkish side
- Rice and Ødegaard put club union on hold in decisive duel between England and Norway
- Newcastle face sliding doors moment over Bruno Guimarães in summer of upheaval
- Newcastle agree £51.5m Johan Manzambi deal and insist Bruno Guimarães not for sale
- Arsenal on alert after Bruno Guimarães tells Newcastle he wants to leave
- Club World Cup likely to expand for 2029 with more Premier League clubs involved
- Arsenal make Villa’s Morgan Rogers their No 1 target in transfer window
- Declan Rice reveals he has played through hamstring nerve pain for six months
- David Raya: ‘When you lose a Champions League final it destroys you inside’
- Here’s something London can be envious of: when New York parties, it really partiesEmma Brockes
- ‘Why wouldn’t I?’: Eze would take England penalty despite Arsenal shootout miss
About 15,263 results for Arsenal"
16,espn,https://www.espn.co.uk/football/team/_/id/359,"Arsenal
- 0-0-0
- 2nd in English Premier League
Fixtures
GIR
1/8
7:00 pm
ARS
Club Friendly
PSG
1
FT-Pens
1
ARS
UEFA Champions League
Paris Saint-Germain win 4-3 on penalties
CRY
1
 FT
2
ARS
Premier League
ARS
1
FT
0
BUR
Premier League
WHU
0
 FT
1
ARS
Premier League
ARS
1
FT
Agg. 2 - 1
0
ATM
UEFA Champions League
2nd Leg - Arsenal advance 2-1 on aggregate
ARS
3
FT
0
FUL
Premier League
ATM
1
 FT
1
ARS
UEFA Champions League
1st Leg
ARS
1
FT
0
NEW
Premier League
MNC
2
FT
1
ARS
Premier League
ARS
0
FT
Agg. 1 - 0
0
SCP
UEFA Champions League
2nd Leg - Arsenal advance 1-0 on aggregate
ARS
1
 FT
2
BOU
Premier League
SCP
0
 FT
1
ARS
UEFA Champions League
1st Leg
SOU
2
FT
1
ARS
English FA Cup
ARS
0
 FT
2
MNC
English Carabao Cup
ARS
2
FT
Agg. 3 - 1
0
B04
UEFA Champions League
2nd Leg - Arsenal advance 3-1 on aggregate
ARS
2
FT
0
EVE
Premier League
B04
1
 FT
1
ARS
UEFA Champions League
1st Leg
MNF
1
 FT
2
ARS
English FA Cup
BHA
0
 FT
1
ARS
Premier League
ARS
2
FT
1
CHE
Premier League
TOT
1
 FT
4
ARS
Premier League
WOL
2
 FT
2
ARS
Premier League
ARS
4
FT
0
WGA
English FA Cup
BRE
1
 FT
1
ARS
Premier League
ARS
3
FT
0
SUN
Premier League
Arsenal
SOCCER
Arsenal
SOCCER
Arsenal
SOCCER
Arsenal
SOCCER
Arsenal
SOCCER
Arsenal
SOCCER
Arsenal
SOCCER
Who will be the young breakout Premier League star of the season?
- 3d
Arsenal
SOCCER
Back to Top
2026-27 Premier League Table
| Team | GP | W | D | L | GD | P | 
|---|---|---|---|---|---|---|
| AFC Bournemouth | 0 | 0 | 0 | 0 | 0 | 0 | 
| Arsenal | 0 | 0 | 0 | 0 | 0 | 0 | 
| Aston Villa | 0 | 0 | 0 | 0 | 0 | 0 | 
| Brentford | 0 | 0 | 0 | 0 | 0 | 0 | 
| Brighton & Hove Albion | 0 | 0 | 0 | 0 | 0 | 0 | 
| Chelsea | 0 | 0 | 0 | 0 | 0 | 0 | 
| Coventry City | 0 | 0 | 0 | 0 | 0 | 0 | 
| Crystal Palace | 0 | 0 | 0 | 0 | 0 | 0 | 
| Everton | 0 | 0 | 0 | 0 | 0 | 0 | 
| Fulham | 0 | 0 | 0 | 0 | 0 | 0 | 
| Hull City | 0 | 0 | 0 | 0 | 0 | 0 | 
| Ipswich Town | 0 | 0 | 0 | 0 | 0 | 0 | 
| Leeds United | 0 | 0 | 0 | 0 | 0 | 0 | 
| Liverpool | 0 | 0 | 0 | 0 | 0 | 0 | 
| Manchester City | 0 | 0 | 0 | 0 | 0 | 0 | 
| Manchester United | 0 | 0 | 0 | 0 | 0 | 0 | 
| Newcastle United | 0 | 0 | 0 | 0 | 0 | 0 | 
| Nottingham Forest | 0 | 0 | 0 | 0 | 0 | 0 | 
| Sunderland | 0 | 0 | 0 | 0 | 0 | 0 | 
| Tottenham Hotspur | 0 | 0 | 0 | 0 | 0 | 0 |"
17,espn,https://www.espn.co.uk/football/match/_/gameId/671261/arsenal-west-ham-united,"West Ham v Arsenal
Match Timeline
KOHTFT
Team Stats
30%
Possession
70%
1
Shots on Goal
12
5
Shots
25
17
Fouls Committed
11
4
Yellow Cards
0
0
Red Cards
0
2
Corners Won
6
6
Saves
1
Data is currently unavailable.
© ESPN Enterprises, Inc. All rights reserved."
17,bbc,https://www.bbc.co.uk/sport/football/live/crkpe566737t,"Leandro Trossard's late winner moved Arsenal a step closer to the Premier League title and left West Ham United deep in relegation trouble after a dramatic finale at London Stadium.
Arsenal had been frustrated by the struggling Hammers until Trossard, who struck the woodwork twice within seconds in the first half, broke the deadlock when his shot deflected in off Tomas Soucek with seven minutes left.
It came moments after a vital save by Arsenal keeper David Raya from Mateus Fernandes, the victory putting Arsenal five points ahead of Manchester City, who have a game in hand.
West Ham thought they had equalised deep into stoppage time but Callum Wilson's strike was ruled out for a foul on Raya after a lengthy video assistant referee (VAR) examination, much to the fury of the home supporters.
This may yet go down as the most consequential VAR call in Premier League history so far, such are the ramifications at both ends of the table.
It meant joy unconfined for Arsenal, but for West Ham the contrast could not be greater as they are in the relegation places, one point behind Tottenham Hotspur, having played a game more.
Arsenal dominated the opening exchanges but lost momentum when manager Mikel Arteta surprisingly moved Declan Rice to right-back after Ben White went off with a knee injury.
Rice returned to his more familiar midfield role in the second half, but West Ham gained confidence and it needed that crucial save from keeper Raya - who had earlier saved from Taty Castellanos' header - to deny Fernandes from from point-blank range when he looked certain to score.
Trossard then made his vital intervention and Wilson's goal was disallowed for the foul on Raya, meaning Arsenal - who have already reached the Champions League Final - close in on their first title for 22 years."
17,guardian,https://www.theguardian.com/football/live/2024/feb/11/west-ham-v-arsenal-premier-league-live,"David Hytner’s match report
- Arsenal reaction
- Full time: West Ham 0-6 Arsenal
- GOAL! West Ham 0-6 Arsenal (Rice 66)
- GOAL! West Ham 0-5 Arsenal (Saka 63)
- Half time: West Ham 0-4 Arsenal
- GOAL! West Ham 0-4 Arsenal (Trossard 45+2)
- GOAL! West Ham 0-3 Arsenal (Gabriel 44)
- GOAL! West Ham 0-2 Arsenal (Saka 41 pen)
- GOAL! West Ham 0-1 Arsenal (Saliba 32)
- Team news: Trossard in for Jorginho
- Preamble
- Arsenal reaction
- Full time: West Ham 0-6 Arsenal
- GOAL! West Ham 0-6 Arsenal (Rice 66)
- GOAL! West Ham 0-5 Arsenal (Saka 63)
- Half time: West Ham 0-4 Arsenal
- GOAL! West Ham 0-4 Arsenal (Trossard 45+2)
- GOAL! West Ham 0-3 Arsenal (Gabriel 44)
- GOAL! West Ham 0-2 Arsenal (Saka 41 pen)
- GOAL! West Ham 0-1 Arsenal (Saliba 32)
- Team news: Trossard in for Jorginho
- Preamble
Arsenal reaction
Martin Odegaard
It was a brilliant performance - we controlled everything and were really sharp in front of goal. That’s something we’ve been missing in recent weeks. I’m proud of the team for backing up a big win with another great performance. We’re focussing on ourselves and we don’t care too much about the other teams.
Bukayo Saka
We smelt blood today and went for the kill. We could have scored more, including myself. I’m proud to score 50 goals for Arsenal but I can’t be completely happy when I miss chances like I did today.
Aston Villa v Manchester United is today’s other Premier League game. John Brewin is watching that one.
Full time: West Ham 0-6 Arsenal
Six-nil to the Ar-se-nal. Mikel Arteta’s side made the lighest work of a potentially tricky fixture, scoring four goals in 15 minutes just before half-time to make the second half a subdued formality. Bukayo Saka added his second before Declan Rice – who had already made two goals from set-pieces in the first half – blasted a spectacular sixth.
| Pos | Team | P | GD | Pts | 
|---|---|---|---|---|
| 1 | Liverpool | 24 | 32 | 54 | 
| 2 | Man City | 23 | 31 | 52 | 
| 3 | Arsenal | 24 | 31 | 52 | 
| 4 | Tottenham Hotspur | 24 | 15 | 47 | 
| 5 | Aston Villa | 23 | 19 | 46 | 
90+1 min Phillips is booked for a zesty tackle on Nelson.
86 min I think West Ham have only lost at home by six or more goals on one occasion, an 8-2 doing by Blackburn on Boxing Day 1963. Yeah, that one.
82 min Make that one on target. Raya blocks Kudus’s close-range shot from a very tight angle, then Bowen’s follow-up is deflected behind.
81 min Elneny curls over from 22 yards. That’s Arsenal’s 24th attempt on goal in the game. West Ham have had three, none on target.
80 min Arsenal go to the Etihad on 31 March. Before that, they have some pr-etty winnable games in the Premier League
- 
  Burnley (A) 
- 
  Newcastle (H) 
- 
  Sheff Utd (A) 
- 
  Brentford (H) 
- 
  Chelsea (H) 
With City playing Liverpool in that time, Arsenal may well be top going into the run-in. It’s a very impressive recovery from a nightmare spell just after Christmas.
77 min: Arsenal substitutions Cedric Soares and Ethan Nwanieri, the experienced 16-year-old, replace Ben White and Gabriel Martinelli.
76 min: West Ham substitution Aaron Cresswell is on for Emerson. Just before that, Kudus was booked for something or other.
75 min “Look I don’t mean to criticise Moyes who lifted West Ham from the bottom three,” sys Yash Gupta. “But he can certainly be more proactive in his approach. Moyes doesn’t need to pay tribute to Jose Mourinho and Antonio Conte in every match. Look at where those two are - unemployed and no club wants anything to do with them. At this rate even Saudi clubs would say no to Moyes.”
He won a European trophy. Does that not put quite a lot of credit – or at least nuance – in the bank? I mean, what happened to this thing?
74 min I think Arsenal’s record away win is 7-0 against Standard Liege in November 1993, which amusingly enough came on the back of four successive goalless draws in the league. Nketiah almost makes it 7-0 by sidefooting straight at Areola from 15 yards.
72 min Elneny tries to repeat Rice’s goal from Odegaard’s cutback. This time it’s straight at Areola.
70 min “Is there any sort of statistic for ‘biggest loss inflicted upon a manager by one of his former players’?” says Stephen Mitchell. “Because this might be in the running.”
Sounds like one for the Knowledge, though I guess it depends how you define ‘inflicted’ in this context.
67 min: Arsenal substitutions That was Rice’s last touch. He claps all four corners of the ground as he leaves the field to a mixture of applause and onanistic gestures. Mohamed Elneny replaces him, while Reiss Nelson and Eddie Nketiah are on for Bukayo Saka and Leandro Trossard.
Of all the gin joints in all of east London, he had to score in this one. It was a fantastic goal, smashed first time into the far corner from 25 yards. There’s no celebration, just a weary, apologetic raise of the palms.
Ben White moved into the area and poked the ball back towards Trossard and/or Odegaard. They left it to each other but Rice ran onto it and arrowed a shot into the far corner.
GOAL! West Ham 0-6 Arsenal (Rice 66)
Yep.
Bukayo Saka has scored his second, an offensively easy goal. Odegaard stabbed a simple pass down the inside-right channel to find Saka in space on the edge of the area. He cut inside Aguerd, whose weight was all the wrong way, and blasted a low shot past Areola.
GOAL! West Ham 0-5 Arsenal (Saka 63)
Two more goals and Arsenal will go second!
62 min I forgot to say that this is the first time in Declan Rice’s career that he has [what is the verb?] two assists in a Premier League game.
60 min “This feels a bit unreal to the Arsenal fan,” says Charles Antaki, “with another goal coming at any time - I mean, a goal for Arsenal coming at any time; but given the realty of what the team was like at the start of the year, a bit of unreality is very welcome. Carry on like this and Gunnersaurus might get a few minutes at the end for a run out.”
I didn’t realise Aaron Ramsdale was being made to do that. Surely this constitutes constructive dismissal?
58 min Saka’s shot is beaten away well by Areola after a nice layoff from Havertz. That was a really good save actually.
56 min “Trivia Corner,” begins Joe Pearson. “Making Austin Powers a fashion photographer was an homage to Matt Helm as played by Dean Martin in the mid-60s. Yes, I am quite old.”
See, we always get to the Sopranos in the end. (Clip contains adult language, etc.)
54 min Bowen has looked very lively since half-time, as if he and only he was given a rollocking by David Moyes at half-time. It must be so weird to start a second half 4-0 down, and fairly weird to start it 4-0 up.
51 min “Could this scoreline be viewed as emphatically punctuating the end of the ‘Less is Moyes’ era?” says Grant Tennille. “Or more of a common-or-garden #they really miss Paquetá’-type situation?
I’d veer towards ‘one of those days, Des’. I appreciate it’s not just about results, and as a neutral it’s got very little to do with me, but I’ll be very surprised if West Ham’s next manager outperforms Moyes.
49 min Havertz shoots not far wide from distance. Arsenal definitely want more.
47 min Trossard misses a decent chance to make it five, spanking Martinelli’s cutback into orbit.
46 min Peep peep! West Ham have made a double change: Konstantinos Mavropanos and Kalvin Phillips are on for Kurt Zouma and Edson Alvarez.
Half-time reading
It hasn’t been a perfect day for Arsenal Football Club.
“If Arsenal keep this up,” says Peter Oh, “Odegaard’s gonna go full Austin Powers.”
Half time: West Ham 0-4 Arsenal
Arsenal’s dodgy new year spell feels a long time ago. They demolished West Ham in the first half at the London Stadium, and a 4-0 scoreline doesn’t particularly flatter them. William Saliba, Bukayo Saka, Gabriel Magalhaes and Leandro Trossard got the goals, and you’d expect more in the second half.
Arsenal have no midweek game, so this is a chance to massage their goal difference. If they win 7-0, they’ll even go above Manchester City.
| Pos | Team | P | GD | Pts | 
|---|---|---|---|---|
| 1 | Liverpool | 24 | 32 | 54 | 
| 2 | Man City | 23 | 31 | 52 | 
| 3 | Arsenal | 24 | 29 | 52 | 
| 4 | Tottenham Hotspur | 24 | 15 | 47 | 
| 5 | Aston Villa | 23 | 19 | 46 | 
45+5 min A break is only a break if you’re 4-0 up at half-time in the next game.
Odegaard breaks at a shellshocked defence and pokes an angled pass to Trossard on the edge of the area. He cuts inside Zouma, onto his right foot, and flashes a curler into the top corner.
GOAL! West Ham 0-4 Arsenal (Trossard 45+2)
Good lord.
45 min There will be seven minutes of added time, which at least gives David Moyes time to finalise the brollocking he is about to administer. As well as Arsenal have played, West Ham have been a mess.
It’s another set-piece goal, the kind West ham are supposed to score. Rice curled in a terrific, dipping free-kick from the left, and Gabriel got away from his man to head past Areola from four yards.
GOAL! West Ham 0-3 Arsenal (Gabriel 44)
This is turning into a rout!
42 min With that goal, Saka becomes the youngest player to score 50 goals for Arsenal since Frank Stapleton in the 1970s. Similar characters too.
41 min It wasn’t Saka’s greatest penalty – had Areola gone the right way he would probably have saved it – but that’s irrelevant: Arsenal have deservedly doubled their lead.
Saka jogs on the spot like Harry Kane, moves forward and sweeps the ball into the net to his right. Areola went the wrong way.
GOAL! West Ham 0-2 Arsenal (Saka 41 pen)
Saka scores!
Penalty given! And Saka, who missed so damagingly on this ground a year ago, will take it.
VAR check Saka may have been offside in the build up. He looks okay to me but it’s being checked.
38 min: Penalty to Arsenal! Odegaard puts Saka through with a long pass. He goes round Areola and is clumsily brought down. A clear penalty and a yellow card for Areola.
37 min: Another great chance for Saka! Odegaard, just inside the area, plays a gorgeous eye-of-the-needle pass inside Emerson to put Saka through. He dinks the ball over the outrushing Areola but wide of the far post.
35 min: Chance for Arsenal! An even better opportunitye for Saka, who heads Kiwior’s excellent cross wide from six yards and thumps the ground in frustration."
17,bbc,https://www.bbc.co.uk/sport/football/videos/c3d2859pm80o,"Arsenal edge closer to title after late West Ham drama
This content isn't available any more.
There was an error
Leandro Trossard's 83rd-minute goal is enough to give Premier League leaders Arsenal a dramatic 1-0 win, as West Ham United are denied a stoppage-time equaliser by VAR at the London Stadium.
MATCH REPORT: Premier League - West Ham 0-1 Arsenal
Available to UK users only.
Related topics
- FootballUpdates from your Sport topics will appear in My Sport and in a collection on the Sport homepage.
- ArsenalUpdates from your Sport topics will appear in My Sport and in a collection on the Sport homepage.
- Premier LeagueUpdates from your Sport topics will appear in My Sport and in a collection on the Sport homepage.
- West Ham UnitedUpdates from your Sport topics will appear in My Sport and in a collection on the Sport homepage."
18,espn,https://www.espn.co.uk/football/match/_/gameId/671337/manchester-united-chelsea,"Chelsea v Man United
Match Timeline
KOHTFT
Team Stats
57%
Possession
43%
10
Shots on Goal
5
28
Shots
19
7
Fouls Committed
15
3
Yellow Cards
1
0
Red Cards
0
12
Corners Won
3
2
Saves
6
Data is currently unavailable.
© ESPN Enterprises, Inc. All rights reserved."
18,guardian,https://www.theguardian.com/football/2024/apr/04/chelsea-manchester-united-premier-league-match-report,"From joy to despair and now this, Manchester United have certainly showcased their addiction to drama in recent weeks; theirs the story that keeps on giving. If the FA Cup victory over Liverpool had given their supporters a rosy glow for what felt like weeks, the nature of Saturday’s draw at Brentford was the definition of a reality check. In a crowded field, was it the worst performance of a chaotic season?
The latest instalment was scarcely credible. Despair to joy and back again – hard – within one game, it felt like the death of their Premier League season; a ratcheting up of the pressure on Erik ten Hag, too, should there have been any further scope for that.
Chelsea’s delight ran wild at the very end and Mauricio Pochettino and his players will hope it proves a turning point for them. It was a wild ride from the start but let us focus on the end, on the eight minutes of stoppage time which would stretch even longer.
Ten Hag had introduced Mason Mount from the substitutes’ bench and the former Chelsea midfielder was being jeered by the crowd that once adored him, but United were seeing out what looked set to be a classic 2-0 down, 3-2 up victory.
The additional minutes were almost up when the Chelsea substitute Noni Madueke beat Diogo Dalot and made for goal. Dalot slipped and when he went into the back of Madueke, it was a penalty, another penalty.
Cole Palmer had scored the first to put Chelsea 2-0 up, celebrating in front of the United fans who had taunted him with “City reject” jibes and there was never any doubt about him repeating the trick for 3-3. Which he did. There was more.
United had almost rescued the shambles at Brentford when Mount put them 1-0 up in the sixth minute of stoppage time. And yet they would concede an equaliser that night on 99 minutes. We had played 11 minutes of additional time here when they conceded again. The switch-off on a quickly taken Enzo Fernández corner was total and there was Palmer – inevitably – to lash through a crowd, his hat-trick goal deflecting in off the United substitute Scott McTominay.
United had experienced a five-point swing against them after the 99th minute of back-to-back matches. It was ludicrous, especially as they had looked good here for long spells.
Palmer was the shining star, close to unplayable for most of the game, and it felt as though he was on a one-man mission to drag his team over the line. Because him aside, Chelsea had been fragile. With 16 league goals, Palmer is now the joint-second top scorer in the division. Another statistic. He was directly involved in 17 shots; he took nine himself and created eight others.
Palmer’s threat had extended to the shaping of Ten Hag’s lineup. Mindful of him, the United manager had asked Dalot to fill the problem position of left-back. But when Dalot was sucked inside and Kobbie Mainoo lost possession in the early running, Chelsea exploited the gap. When Malo Gusto crossed low, the ball came off Raphaël Varane’s heel and there was Conor Gallagher to sweep past André Onana. Casemiro was slow to get out to close him down.
Ten Hag had preferred Antony to Marcus Rashford at the outset, an eye-catching selection call. The manager said it was “rotation” with Sunday’s Old Trafford clash with Liverpool in mind.
Antony was a major positive and yet he made an error when he allowed Marc Cucurella in behind him before lunging into him. It was a soft penalty, the contact minimal. Palmer was not complaining.
Palmer tormented Dalot with his twinkle toes and gliding moves while Casemiro’s lack of mobility at the base of the United midfield was a major problem. Chelsea advertised a goal for 3-0, namely when Axel Disasi got in unmarked at the far post to meet a Gallagher free-kick. He headed wastefully off target.
Defensive fragility, though, was not the sole preserve of United and it was a horror moment from Moisés Caicedo that ushered the visitors back into it. After Antony, who did not let his head drop after the penalty, had done well to keep a Bruno Fernandes slice in play, Caicedo tried to go square to Benoît Badiashile and found only Alejandro Garnacho. He raced away to finish.
After Fernández had drawn a fine save out of Onana at the other end, United got back to 2-2. The Chelsea marking at the back post was non-existent and, when Dalot crossed, Fernandes guided his header home. It was wild, heavy on thrills and spills, and there was time before the interval for Gallagher to crash a shot against the near post after Casemiro had lost the ball and Palmer surged forward yet again.
United lost Varane to injury at the interval while his replacement, Jonny Evans, would be forced off after 66 minutes. With Lisandro Martínez and Victor Lindelöf already out, Willy Kambwala was called into the breach.
Palmer continued to radiate menace but United were dangerous on the counter; there were times when they ran through Chelsea with almost embarrassing ease. Harry Maguire blasted one shot high, Fernandes another when gloriously placed. Rasmus Højlund was denied by a Disasi challenge after more loose Chelsea passing. Casemiro headed high from a corner.
Palmer had extended Onana with a curler but it was United who looked the more likely scorers. And when they got themselves in front, shortly after Ten Hag had introduced Rashford for Højlund, it was all about the desire and ingenuity of Antony. The United attacker had won the ball to spark the break and it was his glorious outside-of-the-boot cross that teed up Garnacho to head past Djordje Petrovic on the bounce. Game over? Not a bit of it. This is United. This was Palmer, too.
Comments (…)
Sign in or create your Guardian account to join the discussion"
19,espn,https://www.espn.co.uk/football/match/_/gameId/720277/barrow-chelsea,"Chelsea v Barrow
Carabao Cup, Third Round
Christopher Nkunku - 8', 15', 75'
Paul Farman - 28' OG
Pedro Neto - 48'
Match Timeline
KOHTFT
Team Stats
71%
Possession
29%
10
Shots on Goal
1
20
Shots
5
14
Fouls Committed
9
1
Yellow Cards
1
0
Red Cards
0
8
Corners Won
4
1
Saves
6
Data is currently unavailable.
© ESPN Enterprises, Inc. All rights reserved."
19,bbc,https://www.bbc.co.uk/sport/football/live/c62d7j5j42rt,"Christopher Nkunku scored a hat-trick as Chelsea cruised into the fourth round of the Carabao Cup with a convincing win over League Two Barrow at Stamford Bridge.
Nkunku opened the scoring in the eighth minute with a cool finish after a fine chipped pass from Joao Felix.
The forward soon added his second with a clever flick to divert Malo Gusto's low cross into the net, before a Felix free-kick hit the post and bounced in off Barrow goalkeeper Paul Farman to give the Blues a 3-0 half-time lead.
Two minutes after the restart Pedro Neto scored his first Chelsea goal by tapping in after Mykhailo Mudryk's pass across goal.
Nkunku completed his hat-trick in the 75th minute after tackling keeper Farman and passing the ball into an empty net.
Thanks to his first Chelsea treble, the 26-year-old Frenchman now has six goals in eight appearances this season for the Blues.
Nkunku was making his first start for the hosts since their opening-day defeat by Manchester City last month.
- Nkunku and Jackson a 'nice problem' but Maresca can't play both - Published24 September 2024
 
Five-star Chelsea beat brave Barrow
Sixty-four places separate League Two Barrow and Premier League Chelsea, who were facing each other for the first time in 76 years.
Chelsea were too good for the Bluebirds even with manager Enzo Maresca making 11 changes to the team that beat West Ham in the Premier League on Saturday.
Meanwhile Barrow, who beat Championship side Derby in the last round, equalled their best run in the EFL Cup, last reaching the third round in 1967.
They were cheered on by a bouncing away support who travelled 300 miles from Cumbria.
Visiting striker Emile Acquah volleyed a half chance over at 1-0 and Kian Spence had two free-kicks easily saved by Chelsea goalkeeper Filip Jorgensen at 3-0.
Chelsea were playing their first EFL Cup match since losing 1-0 to Liverpool in the 2024 final.
Out-of-favour Blues defender Ben Chilwell came on as a half-time substitute to make his first appearance since April and was immediately given the captain's armband.
Maresca previously said Chilwell would ""struggle"" if he stayed at the club, and the 27-year-old was made to train with 15 other players away from the main first-team group.
But when asked about the England full-back's involvement after the match the Italian said Chilwell ""has shown he is ready and working well"".
""There is not any problem,"" Maresca said. ""If we have a chance, we will give him some more minutes in games.""
Chelsea host Brighton in the Premier League next on Saturday while Barrow travel to Gillingham in the fourth tier on the same day (both 15:00 BST).
Player of the match
After the opportunity to rate players has closed, the score displayed represents the average from all the submissions by BBC Sport users."
19,guardian,https://www.theguardian.com/football/live/2024/sep/24/chelsea-barrow-manchester-city-watford-walsall-leicester-wycombe-aston-villa-carabao-cup-live,"… and so Chelsea, Manchester City, Leicester City and Aston Villa go into the velvet bag for the fourth round. Already in there, having won their ties last week: Brentford, Brighton & Hove Albion, Crystal Palace, Manchester United, Preston North End, Sheffield Wednesday, Southampton, Stoke City and Tottenham Hotspur. Three ties remain, with two of them – Arsenal v Bolton Wanderers and Liverpool v West Ham United - to be played tomorrow night, after which the draw for the fourth round will be made. Hope you’ll join us for all of that. Thanks for reading this Clockwatch! Nighty night.
Chelsea 5-0 Barrow, Manchester City 2-1 Watford, and more: Carabao Cup – as it happened
It wasn’t a banner night for cup drama, never mind shocks
Tue 24 Sep 2024 22.19 BST
First published on Tue 24 Sep 2024 18.45 BST- FULL TIME: Wycombe Wanderers 1-2 Aston Villa
- GOAL! Wycombe Wanderers 1-2 Aston Villa (Kone 90+5)
- GOAL! Wycombe Wanderers 0-2 Aston Villa (Duran 85 pen)
- RESULT: Walsall 0-0 Leicester City (Leicester win 3-0 on pens)
- FULL TIME: Walsall 0-0 Leicester City
- FULL TIME: Manchester City 2-1 Watford
- FULL TIME: Chelsea 5-0 Barrow
- GOAL! Manchester City 2-1 Watford (Ince 86)
- GOAL! Chelsea 5-0 Barrow (Nkunku 75)
- GOAL! Wycombe Wanderers 0-1 Aston Villa (Buendia 55)
- GOAL! Chelsea 4-0 Barrow (Neto 48)
- HALF TIME: Wycombe Wanderers 0-0 Aston Villa
- HALF TIME: Chelsea 3-0 Barrow
- HALF TIME: Walsall 0-0 Leicester City
- HALF TIME: Manchester City 2-0 Watford
- GOAL! Manchester City 2-0 Watford (Nunes 38)
- GOAL! Chelsea 3-0 Barrow (Farman og 28)
- GOAL! Chelsea 2-0 Barrow (Nkunku 15)
- GOAL! Chelsea 1-0 Barrow (Nkunku 8)
- GOAL! Manchester City 1-0 Watford (Doku 5)
- Team news: Wycombe Wanderers v Aston Villa
- Team news: Walsall v Leicester City
- Team news: Manchester City v Watford
- Team news: Chelsea v Barrow
- Preamble
Tue 24 Sep 2024 22.19 BST
First published on Tue 24 Sep 2024 18.45 BST- FULL TIME: Wycombe Wanderers 1-2 Aston Villa
- GOAL! Wycombe Wanderers 1-2 Aston Villa (Kone 90+5)
- GOAL! Wycombe Wanderers 0-2 Aston Villa (Duran 85 pen)
- RESULT: Walsall 0-0 Leicester City (Leicester win 3-0 on pens)
- FULL TIME: Walsall 0-0 Leicester City
- FULL TIME: Manchester City 2-1 Watford
- FULL TIME: Chelsea 5-0 Barrow
- GOAL! Manchester City 2-1 Watford (Ince 86)
- GOAL! Chelsea 5-0 Barrow (Nkunku 75)
- GOAL! Wycombe Wanderers 0-1 Aston Villa (Buendia 55)
- GOAL! Chelsea 4-0 Barrow (Neto 48)
- HALF TIME: Wycombe Wanderers 0-0 Aston Villa
- HALF TIME: Chelsea 3-0 Barrow
- HALF TIME: Walsall 0-0 Leicester City
- HALF TIME: Manchester City 2-0 Watford
- GOAL! Manchester City 2-0 Watford (Nunes 38)
- GOAL! Chelsea 3-0 Barrow (Farman og 28)
- GOAL! Chelsea 2-0 Barrow (Nkunku 15)
- GOAL! Chelsea 1-0 Barrow (Nkunku 8)
- GOAL! Manchester City 1-0 Watford (Doku 5)
- Team news: Wycombe Wanderers v Aston Villa
- Team news: Walsall v Leicester City
- Team news: Manchester City v Watford
- Team news: Chelsea v Barrow
- Preamble
FULL TIME: Wycombe Wanderers 1-2 Aston Villa. Villa were the party poopers on Wycombe’s 137th birthday. Here’s Ben Fisher’s report.
FULL TIME: Manchester City 2-1 Watford. Jamie Jackson was at the Etihad to witness City record a 16th consecutive win against the Hornets.
FULL TIME: Chelsea 5-0 Barrow. Christopher Nkunku scored a hat-trick to swat aside the League Two leaders. Taha Hashim reports from Stamford Bridge.
FULL TIME: Wycombe Wanderers 1-2 Aston Villa
Villa complete a full set of predictable outcomes. They didn’t play well, but they’re into the hat for the fourth round. It’s not been a banner night for cup drama.
GOAL! Wycombe Wanderers 1-2 Aston Villa (Kone 90+5)
Lamare Bogarde fails to clear a ball bouncing down the inside-right channel. Richard Kone nips in and lashes home. Surely just a consolation.
GOAL! Wycombe Wanderers 0-2 Aston Villa (Duran 85 pen)
There’s been another penalty scored by a team from the midlands … and it’s Jhon Duran, who wins a penalty then slots it himself.
RESULT: Walsall 0-0 Leicester City (Leicester win 3-0 on pens)
Leicester didn’t play well until the penalty shoot-out. Walsall didn’t play badly until the penalty shoot-out. It’s a harsh game sometimes.
PENALTIES: Walsall 0-3 Leicester City. Liam Gordon goes bottom left … and it’s pitifully weak. Danny Ward could throw his cap on it, but carefully palms it away instead. Leicester are through!
PENALTIES: Walsall 0-3 Leicester City. Oliver Skipp sends a third Leicester penalty into the bottom right. Simkin guessed correctly but couldn’t get over there.
PENALTIES: Walsall 0-2 Leicester City. David Okagbue has to score for the hosts … but he can’t do it. He whips towards the left-hand side of the net, but Danny Ward guesses correctly and turns it away. Another fine save.
PENALTIES: Walsall 0-2 Leicester City. Conor Coady up next. He sends Simkin the wrong way, and rolls calmly into the bottom right.
PENALTIES: Walsall 0-1 Leicester City. Taylor Allen goes bottom left … but Danny Ward stops it! Not the greatest penalty, but that’s a fine save nonetheless.
PENALTIES: Walsall 0-1 Leicester City. Leicester to go first. Ricardo Pereira confidently lashes into the bottom-right corner. Tommy Simkin goes the right way but can’t reach it.
FULL TIME: Walsall 0-0 Leicester City
It’s going to penalties at the Bescot.
FULL TIME: Manchester City 2-1 Watford
That’s now 16 straight wins for City against Watford. But they were made to work for this latest one. Watford will no doubt point to Kwadwo Baah’s disallowed first-half goal, ruled out contentiously for a shove on young Kaden Braithwaite. The small margins.
FULL TIME: Chelsea 5-0 Barrow
It was never close. But the League Two leaders kept Chelsea honest, and could even have had a goal themselves after that aforementioned penalty-box melee.
Manchester City 2-1 Watford. A free kick for Watford and a chance to load the City box. Giorgi Chakvetadze sends it in from the right, but Jack Grealish slides in to hook it clear. That’s wonderful defending.
GOAL! Manchester City 2-1 Watford (Ince 86)
From the right-hand edge of the City D, Tom Ince – who earlier cleared one off the line - takes a touch inside before curling a delightful shot into the top-left corner! This is back on for the underdogs!
Chelsea 5-0 Barrow. Chris Stokes grabs a big handful of Marc Guiu’s shirt. If this was goalless, the whistle might blow for a penalty. But it’s not, and there are less than ten minutes to play, so the referee shows some clemency.
GOAL! Chelsea 5-0 Barrow (Nkunku 75)
Instead of 4-1, it’s 5-0. Paul Farman snoozes with the ball at his feet. Christopher Nkunku brushes him off it, and rolls into the empty net. Easy as that, and it’s a hat-trick for Nkunku. A horror-show for the Barrow captain.
Chelsea 4-0 Barrow. So nearly a consolation goal for Barrow. A corner comes in from the left. A proper penalty-box stramash. Theo Vassell swings and misses. The ball pings up to Junior Tiensia, who flicks goalwards, but it’s an easy gather for Filip Jörgensen. On another day, that might have pinballed into the net.
GOAL! Wycombe Wanderers 0-1 Aston Villa (Buendia 55)
The deadlock finally broken at Adams Park. Ian Maatsen shimmies down the left. His cross from the byline is deflected and loops up into the air. It drops to Emiliano Buendía who loops it up again, guiding a clever header across the keeper and into the top right!
Manchester City 2-0 Watford. Another big chance for Watford. With City pressing forward, Giorgi Chakvetadze robs Phil Foden and steams upfield on the break. He slips the ball left to Kwadwo Baah, who drops a shoulder to get past John Stones before lashing a low drive wide left. He should have worked Stefan Ortega at the very least.
Manchester City 2-0 Watford. Savinho sends a power curler towards the top left. Tom Ince clears off the line with the bravest of headers. Great play all round. “That Nathan Lowe (8.56pm) sounds like a bit of a speed merchant,” writes Merrie Melodies aficionado Simon McMahon, identifying and utilising the second-best MEEP sound in comedy history. The greatest? I won’t insult your intelligence by belabouring the point.
Manchester City 2-0 Watford. The hosts continue to dominate, without threatening to sweep Watford away. There’s still time. Meanwhile, on the Hornets being level at 2-2 in a nearby parallel universe (8.35pm), here’s Julian Borrill: “Since we don’t have a metric for the distance between universes, ‘nearby’ is ill-defined. On the other hand, if our universe is infinite then they are already level in some other Hubble volume. In either case we should let Lev Landau have the last word: ‘Cosmologists are often in error but never in doubt.’”
Chelsea 4-0 Barrow. The cheer that met Pedro Neto’s goal wasn’t the loudest at Stamford Bridge since the break. That roar was generated by the half-time arrival of Ben Chilwell, who is looking to rebuild his Chelsea career after being told to do one by Enzo Maresca. The home faithful making their feelings on the matter known.
Walsall 0-0 Leicester City. Nathan Lowe scampers down the left, reaches the byline and tugs back for Albert Adomah, who opens his body but from six yards sends a sidefoot wide right. A huge chance to sprinkle a little shock-infused sparkle goes by.
GOAL! Chelsea 4-0 Barrow (Neto 48)
It’s not taken Chelsea long to extend their lead further. Chris Stokes misjudges a simple bouncing ball, allowing it to balloon over his head. Christopher Nkunku and Mykhailo Mudryk tear off with it down the inside-left, exchanging passes before rolling right to Pedro Neto, who slots into the bottom right.
The 7.45pm matches are underway again. In lieu of any looming upsets, here’s this.
HALF TIME: Wycombe Wanderers 0-0 Aston Villa
Unai Emery, whose team have yet to get a shot on target, walks off looking distinctly unimpressed. Some half-time rockets about to be launched, I’ll be bound.
Wycombe Wanderers 0-0 Aston Villa. Beryly Lubala bustles under a long ball down the Wycombe inside-left channel and cuts back for Matt Butcher, who leans back and skies an effort from the edge of the box. Butcher had more space and time than he thought.
Wycombe Wanderers 0-0 Aston Villa. There’s not a lot going on at Adams Park. Villa pass it around the back, every which way but forward. The crowd pretty flat as well. It’s not exactly a cup-tie cauldron.
HALF TIME: Chelsea 3-0 Barrow
This one’s not going to penalties, it’s fair to say.
HALF TIME: Walsall 0-0 Leicester City
A reminder that we go straight to penalty kicks if the scores remain level after 90 minutes.
HALF TIME: Manchester City 2-0 Watford
… but in this universe, the one in which we all operate, City’s reserve XI are a couple of goals to the good at the break. Despite the two Watford chances, they’ve been as dominant as ever.
Manchester City 2-0 Watford. Festy Ebosele crosses from the left and finds Vakoun Bayo unmarked, six yards out. Bayo flashes a header wide left. He should have scored. Factor in the disallowed goal, the whistle going rather sympathetically for Kwadwo Baah’s shoulder barge on 16-year-old Kaden Braithwaite, and Watford will consider themselves a little unfortunate to be where they are. In a nearby parallel universe, it’s level at the Etihad.
Chelsea 3-0 Barrow. Another big save by the Barrow keeper Paul Farman, who has been in the thick of it tonight all right. João Félix breaks clear down the middle and creams a shot towards the bottom right, but the keeper gets down well to stick out a strong hand. Then the whistle goes; turns out Félix handled as he broke clear, but hats off to the overworked keeper nonetheless.
Wycombe Wanderers 0-0 Aston Villa. … meanwhile Villa, who have five League Cups in the bag, are also being held by their lower-league opponents. Jhon Duran has another good opportunity to open the scoring, but lifts his effort over the bar.
Walsall 0-0 Leicester City. Leicester are dominating possession but home keeper Tommy Simkin hasn’t had too much to do. The three-time winners being held comfortably enough by their fourth-tier hosts. “But surely Charles Antaki (8.07pm) is right?” begins Richard Hirst. “By not playing, Haaland is failing to score every minute, so the trombone should be on permanent loop.” A fair point well made. Oh Scotty!
GOAL! Manchester City 2-0 Watford (Nunes 38)
Rico Lewis one-twos with James McAtee to advance towards the Watford box down the middle. Lewis lays off to Matheus Nunes to his left. Nunes threads a shot into the bottom left, Jonathan Bond given no chance despite extending fully.
Manchester City 1-0 Watford. More uncertainty from Watford goalkeeper Jonathan Bond. Or perhaps too much certainty? He comes out to clear a Phil Foden cross but also succeeds in cleaning out his team-mate Ryan Porteous. Ooyah, oof. A collision that will certainly have hurt the Scotland defender, though happily he’s back up on his feet again soon enough.
GOAL! Chelsea 3-0 Barrow (Farman og 28)
A free kick for Chelsea in a central position, just outside the Barrow D. Pedro Neto makes a royal nuisance of himself, taking up a spot in the Barrow wall. It looks as though he’s trying to make a space through which Joao Felix can shoot … and he achieves that, but it’s all a cod, because Felix curls the free kick around the right-hand side of the wall, off the post, and in off the back of the unfortunate Paul Farman. That’s a wonderful free kick, and so unlucky for the keeper.
Manchester City 1-0 Watford. Kwadwo Baah, barrelling down the right, brushes the 16-year-old debutant Kaden Braithwaite out of the way with absurd ease, before lashing past Stefan Ortega and into the net. But the whistle goes for the over-zealous nature of the shoulder-barge. Or was it an over-zealous use of the referee’s whistle? You’ve seen them given. You’ve seen play waved on, too. Watford will consider themselves unlucky, especially when they need all the help they can get against the best squad in the land.
Manchester City 1-0 Watford. “Is it sound-effects night?” asks Charles Antaki. “Excellent! I truly hope that at some point you’ll be able to use this one, preferably on the 15th occasion that Erling Haaland fails to score tonight. Yes I know it’s unlikely. But hey.” It’s unlikely all right, given that Haaland has been given the night off. Oh Charles!
GOAL! Chelsea 2-0 Barrow (Nkunku 15)
A low Malo Gusto cross from the right glanced into the bottom left, and it’s a second goal for Christopher Nkunku. What a delicious finish, too, a gentle backflick that foxes the keeper. It’s going to be a long evening for Barrow, for sure.
Wycombe 0-0 Aston Villa. Completing our tetraptych of kick-off whistles. Jhon Duran immediately misses a one-on-one sitter.
Chelsea 1-0 Barrow. Could Paul Farman have done better for that opening goal? Perhaps that’s being harsh. Either way, though, the Barrow captain has more than made up for it by spreading himself to deny João Félix, who was clean through on goal. It looks like it’s going to be a busy night for the visiting keeper.
GOAL! Chelsea 1-0 Barrow (Nkunku 8)
So much for that confident start by Barrow. João Félix wedges cutely over the visitors’ back line, and Christopher Nkunku slots under keeper-captain Paul Farman, who might have done better, but what an assist.
GOAL! Manchester City 1-0 Watford (Doku 5)
Keeper Jonathan Bond dithers when he should launch a ball passed back to him. Jack Grealish steps in and tees up Jeremy Doku, who sorts his feet on the edge of the D and slots into the bottom left. Memories of this already.
Chelsea 0-0 Barrow. A lively start for the fourth-division visitors, who are on the front foot early doors. A long throw-in from the left is allowed to bounce all the way through a crowded Chelsea box.
Whistles sound all across the land. Well, OK, in west London, east Manchester and Walsall. But they’re sounding! Wycombe to join the party in 15 minutes.
More on that crowdfunder to help AFC Wimbledon. “Just wanted to thank the Guardian for this article,” writes Owen Linderholm. “I wouldn’t have known otherwise (despite being a Wimbledon fan for over 40 years).” Anyone else interested in the fundraiser can find out about it here. At the time of posting this entry, it’s raised nearly £80,000.
AFC Wimbledon P-P Newcastle United. There was meant to be a fifth League Cup match tonight, but flooding at the Cherry Red Records Stadium did for that. The game will now be played at St James’ Park this time next week. But here’s some welcome good news for the club at an otherwise tricky time.
Team news: Wycombe Wanderers v Aston Villa
Whatever happens at Adams Park tonight, it’s party time for Wycombe, who are 137 years old today! It’s also midfielder Josh Scowen’s 500th career appearance. Hip, hip, etc., everyone.
Aston Villa make ten changes after the 3-1 comeback win over Wolves. Jhon Duran, who has four goals in five substitute appearances, gets a shot from the start this time.
Wycombe Wanderers: Ravizzoli, Skura, Low, Hartridge, Pattenden, Scowen, Butcher, Bakinson, Wheeler, Lubala, Sadlier.
Subs: George, Grimmer, Harvie, Leahy, McCleary, Humphreys, Kone, McCarthy, Onyedinma.
Aston Villa: Gauci, Nedeljkovic, Bogarde, Swinkels, Maatsen, Barkley, Onana, Bailey, Buendia, Young, Duran.
Subs: Zych, Diego Carlos, Ramsey, Moore, Rowe, Jimoh, Borland, Broggio, Patterson.
Referee: Sam Allison (Somerset).
Team news: Walsall v Leicester City
Fourth-tier Walsall have already proved themselves to be cup specialists this season. They rescued themselves in round one of this tournament with a stoppage-time equaliser against Exeter City, then came from two down to beat Huddersfield Town. They’ve also beaten Birmingham City and Fulham U21 in the Football League Trophy.
Leicester make ten changes to their team in the wake of the weekend draw with Everton. Jamie Vardy, Wilfred Ndidi, Harry Winks and Saturday’s goalscoring hero Stephy Mavididi are given the night off.
Walsall: Simkin, Okagbue, Williams, Weir, Liam Gordon, Adomah, Stirk, Lakin, Connor Barrett, Lowe, Maher.
Subs: Hornby, Daniels, Matt, Comley, Hall, Allen, Jellis, Johnson, Browne.
Leicester City: Ward, Ricardo Pereira, Coady, Okoli, Thomas, Soumare, Choudhury, Fatawu, Buonanotte, De Cordova-Reid, Edouard.
Subs: Iversen, Justin, Faes, Skipp, Golding, El Khannous, McAteer, Alves, Ayew.
Referee: Tom Nield (West Yorkshire).
Team news: Manchester City v Watford
A mere two days after that brouhaha with Arsenal, Pep Guardiola makes nine changes to his starting XI. The most notable new face: centre-back Kaden Braithwaite, who at 16 years and 229 days becomes the third-youngest full debutant in Manchester City’s history. (For the record, he’s behind Glyn Pardoe and Paul Simpson.) Erling Haaland gets the night off.
Watford also hand out a debut to a centre-back, albeit one at the other end of his career. Angelo Ogbonna, 36 years young, pulls on a Watford shirt for the first time after his summer move from West Ham.
Manchester City: Ortega, Walker, Stones, Braithwaite, Lewis, McAtee, O’Reilly, Matheus Luiz, Grealish, Foden, Doku.
Subs: Ederson, Dias, Kovacic, Gundogan, Bernardo Silva, Gvardiol, Akanji, Savio, Wright.
Watford: Bond, Ogbonna, Porteous, Morris, Larouci, Ince, Louza, Sema, Baah, Ebosele, Bayo.
Subs: Marriott, Pollock, Chakvetadze, Vata, Dwomoh, Tikvic, Doumbia, Dele-Bashiru, Adu-Poku.
Referee: David Webb (County Durham).
Team news: Chelsea v Barrow
Chelsea go League Cup to the max, changing their entire starting XI. Ben Chilwell, who had been expected to leave the club during the summer, is in the squad for the first time this season.
Barrow are top of League Two with five wins from their first seven matches. They’ve made it to Stamford Bridge after beating Port Vale and Derby County in the first two rounds.
Chelsea: Jorgensen, Gusto, Disasi, Badiashile, Veiga, Casadei, Dewsbury-Hall, Pedro Neto, Joao Felix, Mudryk, Nkunku.
Subs: Bettinelli, Colwill, Chilwell, Acheampong, Chukwuemeka, Fernandez, George, Washington, Guiu.
Barrow: Farman, Feely, Vassell, Stokes, Jackson, Campbell, Foley, Newby, Spence, Acquah, Garner.
Subs: Stanway, Canavan, Tiensia, Eccleston, Worrall, Kouyate, Dallas, Weston, Telford.
Referee: Oliver Langford (W Midlands).
Preamble
Another four third-round League Cup ties tonight, then. It should have been five, but …
… and so what we’re left with is this.
- 
  Chelsea v Barrow 
- 
  Manchester City v Watford 
- 
  Walsall v Leicester City 
- 
  Wycombe Wanderers v Aston Villa 
They all kick off at 7.45pm BST, except the Wycombe-Villa match, which gets going at 8pm. All the goals as they go in, coming your way."
20,skysports,https://www.skysports.com/football/news/11661/13454960/man-utd-4-2-brighton-matheus-cunha-scores-first-goal-as-ruben-amorims-side-continue-momentum-with-third-straight-premier-league-win,"Man Utd 4-2 Brighton: Matheus Cunha scores first goal as Ruben Amorim's side continue momentum with third straight Premier League win
Report and free match highlights as Man Utd registered their third straight Premier League win to lift them temporarily into the top four; Matheus Cunha scored his first United goal; the refereeing team were also in the spotlight for a series of questionable officiating decisions
Sunday 26 October 2025 07:21, UK
Manchester United capitalised on recent momentum by beating Brighton at Old Trafford as Matheus Cunha scored his first club goal in a frantic and somewhat controversial 4-2 win.
Ruben Amorim's side seem to be one of contrasting fortunes as a torrid start to this season has made way for a particularly productive recent period, with three wins on the spin propelling them, temporarily at least, into the top four.
Man Utd had lost six of their last seven league games against Brighton and rode their luck at times in the first half, needing some wasteful finishing from Danny Welbeck to pave the way for two goals in 10 minutes, scored by Cunha and Casemiro. The opener was sumptuous, the second via a harsh deflection much more fortunate.
Bruno Fernandes should have made it three before Bryan Mbeumo did, driving a devilishly clever strike through Lewis Dunk's legs, despite an obvious foul by Luke Shaw on Georginio Rutter in the phase before. And that was not the only decision under scrutiny on the night.
- As it happened | Teams | Match stats
- Live Premier League table | Watch PL highlights for free
- Got Sky? Watch Premier League games LIVE on your phone📱
- Not got Sky? Get Sky Sports or stream with no contract on NOW 📺
Neither referee Anthony Taylor nor VAR awarded Amad a penalty when he was upended by Maxim De Cuyper in the first half, because the defender supposedly ""played the ball"", while Patrick Dorgu only received a yellow for a last-ditch foul on Yankuba Minteh - albeit the forward had probably lost control of possession when the whistle finally went.
The drama did not stop there. Welbeck latterly made his presence felt when guiding a belting free-kick beyond Senne Lammens to rid him of a second consecutive clean sheet, before Charalampos Kostoulas arrived from the bench to force what looked to be a needlessly tense end.
Mbeumo had other ideas, though, finding the net in the 96th minute with an emphatic finish to round off a frenzied finale, with Gary Neville praising Amorim for his ""best and most important week in the job"".
Amorim's best week in the job
Sky Sports' Gary Neville at Old Trafford:
""The narrative coming into this game was that Manchester United couldn't take a step back after what happened at Anfield last week and the win today was absolutely crucial.
""I think it has been Ruben Amorim's best and most important week in the job. It gives him a bit of time.
""I am not saying he's off the hook but Manchester United are up there towards the top of the league and it certainly takes a lot of pressure off him.""
Mbeumo and Cunha pairing finally pays off
Analysis by Sky Sports' Laura Hunter at Old Trafford:
Only Manchester United can comprehensively beat a team while simultaneously seeming like they survived a major scare. This was definitely a banana skin moment. United's recent record against Brighton is woeful and it's a fixture that always throws up drama. This latest instalment trended similarly.
Just when United draw you in, Old Trafford bouncing with unbridled glee at being 2-0 up, they drop you like a sack of bricks. It was easy to be charmed by the first-half performance but the second proved this fragile side are far from flawless. How can they make things look so easy and so hard all at the same time? It's an art.
Until Bryan Mbeumo slammed home a fourth in stoppage time there was a sense of foreboding seeping into the terraces. You could tangibly feel the atmosphere shift. Of the four big chances the hosts created, three were missed. And yet they still scored four times.
That's what Ruben Amorim means when he emphasised in his press conference that this year's squad contains players who ""fit the style"". He's talking about the quality of Cunha and Mbeumo. A new brand of Manchester United matchwinner.
Without them, this is still an average side very much trying to find its way.
Amorim underlines importance of 'new confidence'
Man Utd boss Ruben Amorim:
""The performance was important. We played different games in different moments. It would not be Manchester United without suffering a bit.
""The best game we did [this season] was against Arsenal, but when you have a different spirit, we are a bit more free playing the game. We have a different confidence.
""I never had that feeling of embarrassment of not winning games, I felt [Sir] Jim [Ratcliffe] always believed, but to face the fans was difficult in that moment. It's so hard in football, everything can change in one minute.
""We are improving in the bad moments, and [learning to] respond in a different way. You can feel it with the team. Let's enjoy, but that urgency of this can change must be there.
""The team play so much better compared to last season. We have players more suited to this type of style. I like more today than last week [beating Liverpool], it was more complete.""
Hurzeler: Their goals were gifts
Brighton boss Fabian Hurzeler:
""It's easy to summarise. Too many easy mistakes. We gave the balls away too easy, like this you can't win the game. We had control and good actions, always created a danger, but in the end it's easy mistakes. [The goals are] like four presents.
""United pressed well but we have to do the small margins right. We weren't on the highest level and then we make mistakes. When we were in a structure we didn't give away many chances, but it was just the mistakes. We decided the game ended in a negative way. The execution was not good enough.""
Speaking about the difference in threat of Manchester United from last year to now, Hurzeler said: ""Much more intense, compact, and defending forward. Even more individual quality - money was well invested.""
Commenting on the officiating performance, he added: ""I will never make the referee responsible for our losses. We have to make it better. We can't lose the ball that easily."""
20,espn,https://www.espn.co.uk/football/report/_/gameId/740683,"Man United v Brighton
Man United beat Brighton in Premier League for third-straight win
Bryan Mbeumo's brace helped Manchester United secure a third win in a row as they survived a late scare to beat bogey team Brighton 4-2.
The Seagulls had won six of their last seven Premier League meetings with the Red Devils and arrived in the north-west seeking a fourth straight Old Trafford victory.
But United finally overcame their Brighton hoodoo with a 4-2 triumph, with Mbeumo's goals following efforts from Matheus Cunha and Casemiro as they built on last weekend's win at Liverpool.
That Anfield triumph saw Ruben Amorim celebrate back-to-back league wins for the first time since taking charge last November and this victory moved them up to fourth.
Cunha opened his United account with a 20-yard strike that Casemiro added to with a deflected effort before Mbeumo made it 3-0 after the break.
But the Red Devils rarely do things the easy way. In-form Danny Welbeck's free-kick and teenage substitute Charalampos Kostoulas' stoppage-time header had the hosts wobbling but Mbeumo struck at the death to wrap things up.
Co-owner Sir Jim Ratcliffe was in attendance for a match that United started on the front foot, with skipper Bruno Fernandes nodding wide barely 30 seconds into his 300th appearance for the club.
Brighton boss Fabian Hurzeler complained former United striker Welbeck was shoved when shooting by Fernandes, who was leading even louder appeals against referee Anthony Taylor.
Amad Diallo went down in the box after a Maxim De Cuyper challenge, but VAR Michael Oliver agreed that the full-back had played the ball.
Cunha saw a shot saved as play continued and Old Trafford was further enraged when Lewis Dunk stopped Mbeumo in the box - frustration they seemed to harness as they took a 24th-minute lead.
Cunha kept his cool after some battling play, taking a touch on the edge of the box and sending a precise right-footed effort beyond Bart Verbruggen.
Brighton fell further behind in the 34th minute. Luke Shaw's high pressing had been noticeable from the outset, and he cut out Jan Paul van Hecke's pass to Georginio Rutter. The ball went on to Casemiro, whose long-range strike hit Yasin Ayari and wrongfooted Verbruggen.
Dunk and Benjamin Sesko missed chances as the first half came to a close, with Fernandes forcing a point-blank stop from Brighton's goalkeeper three minutes after half-time.
Sesko stung the palms before Senne Lammens' fingertips denied Yankuba Minteh - an intervention missed by the officials - before United added another.
United won the ball and Sesko played in Mbeumo, who squeezed a low shot through Dunk's legs and past Verbruggen at his near post in front of the Stretford End in the 61st minute.
Rutter saw claims ignored for a foul in the build-up by Shaw, who was soon replaced with an apparent knock.
Only a smart save from Verbruggen stopped Mbeumo adding another before freshly introduced Patrick Dorgu faced a VAR check for a potential red card.
- Saturday matchday: Follow ESPN's live blog for latest scores
- Amorim: 'I don't care' about Slot's Utd comments
- Fernandes: Man United didn't block summer exit
The substitute tangled with Minteh when trying to stop him run through on goal but escaped with a booking, although he could not avoid punishment as Welbeck fired home the resulting free-kick in the 74th minute.
Lammens could have done better with that attempt but stopped Tommy Watson adding another soon after.
The United goalkeeper stopped an audacious Ferdi Kadioglu attempt as the clock wound down, but he was unable to stop Kostoulas reducing the deficit in stoppage time as he glanced home a James Milner corner.
Fernandes was denied by another Verbruggen stop and then smartly left a low Ayden Heaven pass that Mbeumo continued to lash home to settle nerves."
20,guardian,https://www.theguardian.com/football/live/2025/oct/25/manchester-united-v-brighton-premier-league-live-updates,"Some reaction from Old Trafford:
Bryan Mbeumo scored twice as United survived a spirited Brighton comeback to make it three wins in a row
Sat 25 Oct 2025 20.22 BST
First published on Sat 25 Oct 2025 16.15 BST- FULL TIME: Manchester United 4-2 Brighton & Hove Albion
- GOAL! Manchester United 4-2 Brighton & Hove Albion (Mbeumo 90+7)
- GOAL! Manchester United 3-2 Brighton & Hove Albion (Kostoulas 90+2)
- GOAL! Manchester United 3-1 Brighton & Hove Albion (Welbeck 74)
- GOAL! Manchester United 3-0 Brighton & Hove Albion (Mbeumo 61)
- HALF TIME: Manchester United 2-0 Brighton & Hove Albion
- GOAL! Manchester United 2-0 Brighton & Hove Albion (Ayari og 34)
- GOAL! Manchester United 1-0 Brighton & Hove Albion (Cunha 24)
- Amorim: Maguire hopefully back next week
- The teams
- Preamble
Sat 25 Oct 2025 20.22 BST
First published on Sat 25 Oct 2025 16.15 BST- FULL TIME: Manchester United 4-2 Brighton & Hove Albion
- GOAL! Manchester United 4-2 Brighton & Hove Albion (Mbeumo 90+7)
- GOAL! Manchester United 3-2 Brighton & Hove Albion (Kostoulas 90+2)
- GOAL! Manchester United 3-1 Brighton & Hove Albion (Welbeck 74)
- GOAL! Manchester United 3-0 Brighton & Hove Albion (Mbeumo 61)
- HALF TIME: Manchester United 2-0 Brighton & Hove Albion
- GOAL! Manchester United 2-0 Brighton & Hove Albion (Ayari og 34)
- GOAL! Manchester United 1-0 Brighton & Hove Albion (Cunha 24)
- Amorim: Maguire hopefully back next week
- The teams
- Preamble
Jamie Jackson was at Old Trafford tonight. Here’s his report. Thanks for reading this MBM.
Ruben Amorim talks to Sky. “I feel good … three points at home … we played well … we suffered in the end … a little bit our fault … the first goal … [United] did everything … they run … played with the ball … kicked the ball when it was needed … so it was a good game … [Brighton] have a lot of talent … they used momentum [after scoring] to control the game … we are improving in the way we respond to bad moments … after the third goal the noise of the stadium was not normal! … it was the first time I felt that sound … it was a very good moment for me … there are some things in this club, this stadium that you feel and that was really strange … we enjoy today but tomorrow we prepare the other one … look at the table, two weeks can change everything, one week can change everything … it’s so hard to get good feelings … so we have to have that fear of returning … enjoy the week but work really hard to prepare the next one … [the forward players] have a lot of talent but I really like the way they defend … Bryan [Mbeumo] is a working machine … we can have all the talent in the world but if you don’t fight in this league you have no chance.”
Fabian Hürzeler speaks to Sky. “Disappointed … we gave too many easy balls away … conceded the goals too easy … when you do too many mistakes, you can’t win the football game … we had a good plan … it was the execution … finding the free team-mate … that is something we lacked today … we have to be honest with ourselves and make it better … it is important to show personality … never give up … we have that in our team … believe … we created chances … it was just about execution … long-term the results will come.”
He’s asked about the Dorgu-Minteh challenge – should Dorgu have been red carded? - but doesn’t bite. “No … they explained the rule … we have to accept the rule ... that was not the reason we lost.”
United’s two-goal hero Bryan Mbeumo speaks to Sky Sports. “The result was very important … three wins in a row … great for the confidence of the team … we played a great game … we are a bit disappointed to concede two goals but the most important thing is the win and we did it … it feels so good … the atmosphere is crazy here … the fans are unbelievable … it is always good to score goals but especially here.”
Old Trafford erupts in joy relief. Then joy. Manchester United made hard work of a game that looked in the bag. Hats off to Brighton for clawing their way back into it, perhaps helped by Ruben Amorim going a tad early with his game-over substitutions. And for the second week in a row, the removal of Casemiro caused United’s midfield to become overrun. But for the second week in a row, United came away with the three points anyway, and you’ve got to take your hat off to them as well, for responding so staunchly after conceding Brighton’s second. The folk in the stands may have been nervous, as an epic comeback momentarily looked on the cards, but the home team responded magnificently to pin Brighton up the other end, finally sealing the deal through Bryan Mbeumo, who is proving to be quite the signing. See also: Matheus Cunha. And, over the longer haul: Bruno Fernandes. People were beginning to mutter about Ruben Amorim’s job security not so long ago. Well, now look.
| Pos | Team | P | GD | Pts | 
|---|---|---|---|---|
| 1 | Arsenal | 8 | 12 | 19 | 
| 2 | Sunderland | 9 | 4 | 17 | 
| 3 | Man City | 8 | 11 | 16 | 
| 4 | Man Utd | 9 | 1 | 16 | 
| 5 | AFC Bournemouth | 8 | 3 | 15 | 
FULL TIME: Manchester United 4-2 Brighton & Hove Albion
It’s three Premier League wins in a row for Manchester United!
GOAL! Manchester United 4-2 Brighton & Hove Albion (Mbeumo 90+7)
Mainoo sends a pass-cum-clearance down the middle. Fernandes dummies it, matador style, releasing Mbeumo down the inside-left channel. Mbeumo sends a diagonal screamer across Verbruggen and into the top right! Panic over!
90 min +6: Since Brighton’s second, United have played nearly all of the game in their opponents’ half. And …
90 min +5: Tzimas needlessly chops down Fernandes, who was going nowhere and is only too happy to take the hit. From the resulting free kick, Fernandes hammers a shot goalwards from a tight angle on the right, but can’t force the ball past Verbruggen.
90 min +4: The tension in Old Trafford could be sliced and diced. Mbeumo takes some of the pressure off by dribbling down the right, teasing Kadioglu into a foul that earns the Brighton man a booking.
GOAL! Manchester United 3-2 Brighton & Hove Albion (Kostoulas 90+2)
Kadioglu drives down the left and rolls infield for Kostoulas, whose snapshot is deflected wide right. Milner swings the corner in, and Kostoulas flicks a header home. Game on! Amorim knew it.
90 min: There will be seven additional minutes. Ruben Amorim doesn’t look particularly pleased, the colour slightly draining from his face as he spots the number. He’s certainly not assuming this is over, two-goal advantage or not.
89 min: Fernandes knocks the ball past Dunk and backs himself in a footrace down the right. He beats Dunk but can’t get past Milner. This game is now preposterously open, with Brighton in defence-lite Kitchen Sink mode.
88 min: Welbeck shifts the ball from right to left, across the face of the United box, but can’t make space for a shot. The ball’s laid back to Kadioglu, who aims a rising shot towards the top-left corner from distance. Lammens turns it around the post, and nothing comes of the resulting corner.
87 min: One last throw of the dice for Brighton, who send on Tzimas in place of Wieffer.
85 min: United are sitting back in the compact style. Brighton are still enjoying all of the ball, but since that double-sub, they can’t find any space in the final third. Home panic over?
83 min: Brighton have enjoyed 76 percent of possession since Welbeck’s goal.
82 min: United make another double change. Ugarte and Zirkzee come on for Sesko – who had been staring at Van Hecke as he made the challenge that got him booked, and can count himself a wee bit fortunate – and Cunha.
81 min: Sesko is booked for whacking Van Hecke under the chin with his elbow as the pair contest a high ball.
79 min: Kostoulas comes on for Rutter.
78 min: Minteh dribbles in from the right. He’s got enough time to shape a shot around Dorgu, but sends it miles wide left. Brighton fancy their chances of getting back into this properly.
77 min: Brighton are suddenly first to everything. United are holding their shape for now. But a game that looked utterly over a few minutes back suddenly doesn’t feel quite as done and dusted.
76 min: … and now there’s a brief game of pinball in the United box before a United defender blasts clear. Nerves palpable in Old Trafford all of a sudden, with the Brighton fans in good voice.
75 min: The game would certainly have been back on had Watson’s whack from the edge of the box found the net. As it is, Lammens claims.
GOAL! Manchester United 3-1 Brighton & Hove Albion (Welbeck 74)
After a long touchline debate over the challenge – Free kick or no? Red card or no? – Welbeck steps up to take the resulting free kick in a central postion. He aims for the top-left corner. He doesn’t quite get there, but the ball whistles past Lammens’ hand anyway and in. Game back on?
72 min: … Brighton break upfield through Minteh, who breaks clear of Dorgu! But he takes a heavy touch, which flies through towards Lammens. Minteh slows up and is clipped by Dorgu. Brighton want a red card, but it’s just a yellow. Given Minteh had clearly lost possession of the ball, with Lammens about to claim, Brighton are fortunate to get the free kick. But they wanted the red card. However from the resulting set piece …
71 min: Yet another loose Brighton pass. Dunk ships possession to Fernandes, just to the left of the box. Fernandes crosses low for Mbeumo, whose drive hits the base of the left-hand post and out for a … corner? The keeper must have got a nick. From the set piece …
70 min: United make a double change. Dorgu and Mainoo come on for Diallo and Casemiro.
68 min: Brighton have had 56 percent of possession tonight. Much good that’s done them."
21,espn,https://www.espn.co.uk/football/match/_/gameId/740751/afc-bournemouth-manchester-united,"Man United v Bournemouth
Match Timeline
KOHTFT
Team Stats
57%
Possession
43%
9
Shots on Goal
9
25
Shots
14
15
Fouls Committed
12
2
Yellow Cards
3
0
Red Cards
0
5
Corners Won
4
5
Saves
5
Data is currently unavailable.
© ESPN Enterprises, Inc. All rights reserved."
21,bbc,https://www.bbc.co.uk/sport/football/live/c4g6jvj3d75t,"Goodnightpublished at 22:45 GMT 15 December 2025
FT: Man Utd 4-4 Bournemouth
That was a good old laugh wasn't it.
We'll be back this week with Carabao Cup quarter-finals and the Conference League.
At a glance
Amorim abandons his five-man Manchester United defence
Amad heads United in front, Semenyo levels for Bournemouth
Petrovic gifts Casemiro United's second, Evanilson and Tavernier put visitors ahead
Fernandes and Cunha give United advantage, before Kroupi earns Cherries point
Manchester United and Bournemouth produced a Premier League classic at Old Trafford as both sides led and had to come from behind before settling for a point from an eight-goal thriller.
United's 2-1 half-time lead evaporated within seven minutes of the restart as Evanilson and Marcus Tavernier struck.
But Bruno Fernandes' free-kick and Matheus Cunha's effort within two minutes of each other turned the contest on its head a second time, only for 19-year-old Eli Junior Kroupi to drive home an equaliser six minutes from time to earn Bournemouth a point from a breathless game.
Amid the chaos, it was almost forgotten that Manchester United head coach Ruben Amorim had tweaked his favoured five-man defence and been rewarded for pushing Amad Diallo into a more advanced position with the Ivorian heading home from close range after 13 minutes.
The goal came after United had hit the visitors with a blistering start - six shots in the opening 10 minutes being their most so quickly in a Premier League game since October 2022.
As it turned out, it was the prelude to a remarkable contest.
Between them, the two sides had 38 shots. Casemiro picked up a booking that rules him out of Sunday's trip to Aston Villa. The last significant threats on goal were two stoppage-time efforts from David Brooks that needed reaction saves from Senne Lammens to prevent Bournemouth clinching victory.
The result cost United a top-five spot, while 13th-placed Bournemouth have now gone seven games without a win.
Rarely can any formation have been debated quite as much as Amorim's 3-4-2-1 system.
The former Sporting manager has continually defended the system that brought him such success in Portugal. At one point, he even declared the Pope could not persuade him to change it.
Lately though, Amorim's words have softened, to a claim he would change if he felt it was the right thing to do.
This was the night.
It was not 'throw the baby out with the bathwater' stuff until the final 20 minutes, when Lisandro Martinez came on and Diogo Dalot went to right-back.
But initially, Amad did not track back as often and when he did, the Ivory Coast man - who like Bryan Mbeumo, but not Noussair Mazraoui, was allowed to play so soon before the Africa Cup of Nations - tucked inside Leny Yoro rather than out.
He marked the occasion with a headed goal from close range, and when Casemiro's tame effort was pushed into his own net by Djordje Petrovic, the home fans responded with a reception at the end of the half as enthusiastic as any at this ground this season.
Little did they know what was to follow.
Bournemouth won 3-0 on their past two visits to Old Trafford.
In all probability, if Cherries boss Andoni Iraola had been offered another three goals he would have taken it, assuming it would be the pathway to another victory and the end of his side's winless streak.
There was something too easy about how they seized the initiative.
Dalot was lying on the ground clutching his mouth after a collision when Tavernier played a superb pass through to Evanilson for the Brazilian to equalise.
Tavernier then exploited some weak goalkeeping from Lammens to put Bournemouth in front.
United had already profited from some poor keeping by Petrovic when the former Chelsea man palmed Casemiro's tame first-half header into his goal. Petrovic could do nothing to prevent Bruno Fernandes following Tavernier's lead by curling his own free-kick home for the equaliser.
With the home fans baying for more, Cunha provided it with a calm finish.
It seemed certain to be the winner - but Bournemouth were not done.
Kroupi's final flourish ensured they exceeded their previous scoring efforts here, but without gaining the same reward.
It led to a mixture of relief and frustration for both sides at the final whistle as players fell to their knees in exhaustion.
Manchester United's next Premier League game is at Aston Villa on Sunday, 21 December (16:30 GMT).
Bournemouth are next in action at home to Burnley on Saturday, 20 December (15:00).
After the opportunity to rate players has closed, the score displayed represents the average from all the submissions by BBC Sport users.
| Team | Played | Won | Drawn | Lost | Goals For | Goals Against | Goal Difference | Points | Form, Last 6 games, Oldest first | 
|---|---|---|---|---|---|---|---|---|---|
| 16 | 11 | 3 | 2 | 30 | 10 | 20 | 36 | 
 | |
| 16 | 11 | 1 | 4 | 38 | 16 | 22 | 34 | 
 | |
| 16 | 10 | 3 | 3 | 25 | 17 | 8 | 33 | 
 | |
| 16 | 8 | 4 | 4 | 27 | 15 | 12 | 28 | 
 | |
| 16 | 7 | 5 | 4 | 20 | 15 | 5 | 26 | 
 | |
| 16 | 7 | 5 | 4 | 30 | 26 | 4 | 26 | 
 | |
| 16 | 8 | 2 | 6 | 26 | 24 | 2 | 26 | 
 | |
| 16 | 7 | 5 | 4 | 19 | 17 | 2 | 26 | 
 | |
| 16 | 7 | 3 | 6 | 18 | 19 | -1 | 24 | 
 | |
| 16 | 6 | 5 | 5 | 25 | 23 | 2 | 23 | 
 | |
| 16 | 6 | 4 | 6 | 25 | 21 | 4 | 22 | 
 | |
| 16 | 6 | 4 | 6 | 21 | 20 | 1 | 22 | 
 | |
| 16 | 5 | 6 | 5 | 25 | 28 | -3 | 21 | 
 | |
| 14Fulham | 16 | 6 | 2 | 8 | 23 | 26 | -3 | 20 | 
 | 
| 16 | 6 | 2 | 8 | 22 | 25 | -3 | 20 | 
 | |
| 16 | 5 | 3 | 8 | 17 | 25 | -8 | 18 | 
 | |
| 16 | 4 | 4 | 8 | 20 | 30 | -10 | 16 | 
 | |
| 16 | 3 | 4 | 9 | 19 | 32 | -13 | 13 | 
 | |
| 19Burnley | 16 | 3 | 1 | 12 | 18 | 33 | -15 | 10 | 
 | 
| 16 | 0 | 2 | 14 | 9 | 35 | -26 | 2 | 
 | 
Manager: Ruben Amorim
Formation: 3 - 4 - 2 - 1
Manager: Andoni Iraola
Formation: 4 - 2 - 3 - 1
Manager: Ruben Amorim
Formation: 3 - 4 - 2 - 1
Manager: Andoni Iraola
Formation: 4 - 2 - 3 - 1
High chance of scoring
Medium chance of scoring
Low chance of scoring
Dominant period
Match momentum measures the swing of the match by comparing each team’s threat to see who is more likely to score within that minute. The momentum value is the difference between each team’s most dangerous moment, or team threat, in that minute.
Match momentum measures the swing of the match by comparing each team’s threat to see who is more likely to score within that minute. The momentum value is the difference between each team’s most dangerous moment, or team threat, in that minute.
| Minute | Team with most threat | 
|---|---|
| Kick off1' | Manchester United | 
| 2' | Manchester United | 
| 3' | Manchester United | 
| 4' | Manchester United | 
| 5' | Manchester United | 
| 6' | Manchester United | 
| 7' | Manchester United | 
| 8' | Manchester United | 
| 9' | Manchester United | 
| 10' | Manchester United | 
| 11' | Manchester United | 
| 12' | Manchester United | 
| 13' | BournemouthGoal | 
| 14' | Manchester United | 
| 15' | Manchester United | 
| 16' | Manchester United | 
| 17' | Manchester United | 
| 18' | Bournemouth | 
| 19' | Bournemouth | 
| 20' | Manchester United | 
| 21' | Manchester United | 
| 22' | Manchester United | 
| 23' | Manchester United | 
| 24' | Manchester United | 
| 25' | Manchester United | 
| 26' | Manchester United | 
| 27' | Manchester United | 
| 28' | Manchester United | 
| 29' | Manchester United | 
| 30' | Bournemouth | 
| 31' | Bournemouth | 
| 32' | Bournemouth | 
| 33' | Bournemouth | 
| 34' | Bournemouth | 
| 35' | Manchester United | 
| 36' | Manchester United | 
| 37' | Manchester United | 
| 38' | Manchester United | 
| 39' | Manchester United | 
| 40' | Manchester UnitedGoal | 
| 41' | Manchester United | 
| 42' | Manchester United | 
| 43' | Manchester United | 
| 44' | Manchester United | 
| 45' | Manchester United | 
| 45'+1 | Bournemouth | 
| 45'+2 | Bournemouth | 
| 45'+3 | Manchester United | 
| 45'+4 | Manchester UnitedGoal | 
| 45'+5 | Manchester United | 
| Half time45'+6 | Manchester United | 
| 46' | BournemouthGoal | 
| 47' | Bournemouth | 
| 48' | Bournemouth | 
| 49' | Bournemouth | 
| 50' | Bournemouth | 
| 51' | Bournemouth | 
| 52' | BournemouthGoal | 
| 53' | Bournemouth | 
| 54' | Bournemouth | 
| 55' | Bournemouth | 
| 56' | Bournemouth | 
| 57' | Bournemouth | 
| 58' | Bournemouth | 
| 59' | Bournemouth | 
| 60' | Manchester United | 
| 61' | Manchester United | 
| 62' | Manchester United | 
| 63' | Manchester United | 
| 64' | Manchester United | 
| 65' | Manchester United | 
| 66' | Manchester United | 
| 67' | Manchester United | 
| 68' | Manchester United | 
| 69' | Manchester United | 
| 70' | Manchester United | 
| 71' | Manchester United | 
| 72' | Manchester United | 
| 73' | Manchester United | 
| 74' | Manchester United | 
| 75' | Manchester United | 
| 76' | Manchester United | 
| 77' | Manchester UnitedGoal | 
| 78' | Manchester United | 
| 79' | Manchester UnitedGoal | 
| 80' | Manchester United | 
| 81' | Manchester United | 
| 82' | Manchester United | 
| 83' | Bournemouth | 
| 84' | BournemouthGoal | 
| 85' | Bournemouth | 
| 86' | Bournemouth | 
| 87' | Bournemouth | 
| 88' | Bournemouth | 
| 89' | Bournemouth | 
| 90' | Bournemouth | 
| 90'+1 | Bournemouth | 
| 90'+2 | Bournemouth | 
| 90'+3 | Bournemouth | 
| 90'+4 | Manchester United | 
| 90'+5 | Manchester United | 
| 90'+6 | Bournemouth | 
| 90'+7 | Bournemouth | 
| 90'+8 | Bournemouth | 
| 90'+9 | Bournemouth | 
| 90'+10 | Manchester United | 
| Full time90'+11 | Manchester United | 
Premier League
All competitions
All competitions
Manchester United are winless in their last four Premier League games against Bournemouth (D2 L2), more winless games than they’d had in their first 12 against the Cherries (W9 D1 L2).
Bournemouth have won their last two Premier League away games against Manchester United, beating them 3-0 both times. No side has ever won three in a row away against the Red Devils in the top-flight while scoring 3+ goals each time.
Manchester United have lost just one of their last nine Premier League games (W5 D3), going down 1-0 at home to Everton. They’ve won more points in these nine games (18) than they had in their previous 17 matches combined (16 – W4 D4 L9).
Bournemouth are winless in their last six Premier League matches (D2 L4), last enduring a longer winless streak between December and February in the 2023-24 campaign (seven games).
Manchester United have kept just one clean sheet in their 15 Premier League games this season, with only bottom side Wolves keeping fewer (0). The Red Devils have recorded just six shutouts in 42 games under Ruben Amorim, with that ratio of 14.3% the joint-8th lowest of any manager to take charge of 40+ games at a specific club.
Bournemouth have failed to score in their last two Premier League games, last failing to score in three in a row in their last three games of 2022-23 under Gary O’Neil. The Cherries have had just 18 shots in these two goalless games, compared to 46 in their two games beforehand.
Bruno Fernandes has been involved in eight goals in his last eight Premier League games, scoring two and assisting six. Last time out against Wolves, he both scored and assisted in the same Premier League game for the 16th time, with only Wayne Rooney (35), Ryan Giggs (22) and David Beckham (17) doing so more for Manchester United.
Among players to play 2,000+ minutes in the Premier League for Bournemouth, Antoine Semenyo has had the most shots (3.1) and shots on target (1.2) per 90 minutes of any player. The Ghanaian has also netted in each of his last two games against Manchester United (two goals).
Manchester United’s Bruno Fernandes has created more chances than any other player in the Premier League this season (45). The Portuguese also leads the way for assists this term (6), despite only making his first one on 19th October.
Mason Mount has scored three goals in his last seven Premier League appearances, one more than he had in his first 36 games for Manchester United in the competition (2)."
21,guardian,https://www.theguardian.com/football/live/2025/dec/15/manchester-united-v-bournemouth-premier-league-updates-live,"Match report
I’ll leave you with Jamie Jackson’s verdict from a thriller at Old Trafford. I’m off for a lie down. Thanks for joining me.
United led three times and also went behind in a thrilling seesaw battle that had everything but a winning goal
I’ll leave you with Jamie Jackson’s verdict from a thriller at Old Trafford. I’m off for a lie down. Thanks for joining me.
Coming up for Manchester United: Aston Villa (A, Sun), Newcastle (H, 26 Dec), Wolves (H, 30 Dec), Leeds (A, 4 Jan).
And for Bournemouth: Burnley (H, Sat), Brentford (H, 27 Dec), Chelsea (A, 30 Dec), Arsenal (H, 3 Jan).
Andoni Iraola gives his thoughts: “Difficult to explain – a nice game, it had everything. Moments we thought we had lost, moments we were winning – and we could have won at the end. Just a point, but we can take a lot from the game.”
“Both teams played aggressively; we attacked much better than we defended. The second goal was a cheap one, but we changed things tactically to match up with them. A very up and down game. At the end, could we win it? Could we lose it? We have to take a point.”
Ruben Amorim gives his verdict: “A fun game for everyone at home. We started really well, the result should be completely different. We lost concentration, but we managed to get the lead back and we have to finish the game.”
He doesn’t want to talk about a back three or four, saying only “details” are important. There were “a lot of good things, but a lot of things to work on. We create so many chances, but we need to be more clinical. It’s frustrating, but the performance was decent.”
Manchester United edge up to sixth, level on points with Crystal Palace, Liverpool and Sunderland. Bournemouth’s point lifts them two places to 13th. United have now scored 30 league goals – only City have netted more. The problem is the 26 goals conceded.
| Pos | Team | P | GD | Pts | 
|---|---|---|---|---|
| 1 | Arsenal | 16 | 20 | 36 | 
| 2 | Man City | 16 | 22 | 34 | 
| 3 | Aston Villa | 16 | 8 | 33 | 
| 4 | Chelsea | 16 | 12 | 28 | 
| 5 | Crystal Palace | 16 | 5 | 26 | 
| 6 | Man Utd | 16 | 4 | 26 | 
| 7 | Liverpool | 16 | 2 | 26 | 
| 8 | Sunderland | 16 | 2 | 26 | 
| 9 | Everton | 16 | -1 | 24 | 
| 10 | Brighton | 16 | 2 | 23 | 
| 11 | Tottenham Hotspur | 16 | 4 | 22 | 
| 12 | Newcastle | 16 | 1 | 22 | 
| 13 | AFC Bournemouth | 16 | -3 | 21 | 
| 14 | Fulham | 16 | -3 | 20 | 
| 15 | Brentford | 16 | -3 | 20 | 
| 16 | Nottm Forest | 16 | -8 | 18 | 
| 17 | Leeds | 16 | -10 | 16 | 
| 18 | West Ham | 16 | -13 | 13 | 
| 19 | Burnley | 16 | -15 | 10 | 
| 20 | Wolverhampton | 16 | -26 | 2 | 
A hat-tip to Jamie Jackson, who questioned United’s quantity of four-goal hauls in our Premier League preview last week.
“Manchester United have lost just one of their last nine Premier League games and equally encouraging is the fact that Ruben Amorim’s men have grabbed four goals twice, 15 matches into the campaign. Last season’s 4-0 home win over Everton was the sole time this occurred in the league in 2024-25.”
We can make that three times now, although this might not have been the result and performance Jamie was envisaging.
Who’s going to be happier with that result? For Manchester United, there are signs that they’re finding an attacking swagger – but the defence remains a big concern. There have been dispiriting draws at Old Trafford recently, but this wasn’t one of them.
Bournemouth, meanwhile, do not look like a team on a seven-game winless run – they did brilliantly to fight back twice, and had the better chances at the death. Having won 3-0 here in their last two visits, they scored four this time – but didn’t win.
A few stats from Sky: United had 25 shots to Bournemouth’s 14, with nine each on target. The hosts’ xG was 3.27, to the visitors’ 1.86 (which seems a touch low). Possession was 56-44 in United’s favour.
To recap: United flew out of the traps and led through Amad Diallo’s header – but Bournemouth hit back, Antoine Semenyo punishing a defensive lapse to level. Casemiro nodded the hosts back in front just before half time, but things only got more frantic in the second half.
Evanilson netted within 45 seconds of the restart, and Marcus Tavernier’s free kick then put the visitors in front. United fought back, levelling with an even better free kick from Bruno Fernandes – and two minutes later, Matheus Cunha fired them in front.
Bournemouth would not give in, though, and substitute Eli Junior Kroupi struck a leveller six minutes from time – before David Brooks saw two chances saved by Senne Lammens in stoppage time. Phew!
The final whistle sounds on one of the best games of the season so far – one where both teams led, and both might wonder how they didn’t win. There were brilliant goals, defensive chaos – everything but the late winner – and after all that, it’s a point each.
99 mins: Yikes! Semenyo plays in Brooks, who gets a second chance to grab a winner – but again, he’s denied by Lammens! What a ridiculous game …
97 mins: Eek! Zirkzee’s header across goal is hooked away from danger, and now Bournemouth can break one more time …
96 mins: Adam Smith is sent to the touchline because his mouth is bleeding, and is completely livid at having to wait to come back on. In the meantime, Senesi’s shot is well struck, but saved by Lammens at his near post.
95 mins: Ooooof! Instead, he throws it short (if that’s the phrase) to Gimenez, who whips in a brilliant ball across the United area. Brooks gets a head to it and seems certain to score, but Lammens sticks a leg out to save!
94 mins: Brooks’ free kick is headed awkwardly behind by Zirkzee, and Bournemouth have a corner … which is flicked clear at the far post by Mainoo. Semenyo can launch another long throw …
93 mins: Mbeumo is going off, as is Luke Shaw. On come Patrick Dorgu and Joshua Zirkzee.
92 mins: Semenyo heaves a long throw into the box but United clear it and break through Sesko. He finds Amad, who moves it on to Fernandes, whose low cross zips beyond Mbeumo.
90 mins: Tavernier and Kluivert go off, replaced by David Brooks and James Hill, a homegrown centre-back. Pulling down the shutters, Andoni? For shame.
89 mins: Eight added minutes. Buckle up! Cunha tries an ambitious shot from the corner of the area that Petrovic gets behind easily.
88 mins: Both teams have a chance to run at the other’s defence, the whole concept of midfields abandoned. Semenyo, and then Sesko, fail to make the most of the options in front of them.
86 mins: Sir Alex Ferguson is watching on in utter bemusement as both sets of players steel themselves for stoppage time. Does this ridiculous see-saw battle have a knockout blow?
United seemed to have swept this game away from Bournemouth again, but their defence stands off here and get punished. Jimenez prods a ball into the path of Kroupi, under pressure, who drills the ball into the bottom corner and backflips away in celebration. Outrageous, egregious, preposterous.
Come on, this is getting silly now. Substitute Eli Junior Kroupi has Bournemouth back on level terms … again!
81 mins: A bit of admin to cover off – Smith and Senesi were both booked for their complaints before Bruno’s free kick, which feels like a long time ago already.
Bournemouth just couldn’t get organised after Bruno’s goal, and Sesko carries the ball down the left. He aims a cross towards Diallo and although Truffert intercepts, he stumbles and presents the ball to Cunha, eight yards out. He takes a touch and drills it home!
What a comeback. What a game! Manchester United retake the lead with Bournemouth all at sea – and it’s Matheus Cunha who gets the goal!
78 mins: Iraola makes a change, bringing Eli Kroupi on for Evanilson. Has the pendulum swung again in this game?
Oh, wow. You could almost sense this was coming, as Fernandes steps up and sends an unstoppable free kick into the far corner, flicking off the crossbar as a final flourish. United are level, and time’s on their side …
76 mins: Bournemouth don’t get the ball away and United get a free kick on the edge of the area after Fernandes’ cross is handled by Smith. Bruno will take it …
75 mins: Another opening for the hosts as Mainoo picks up the ball again and finds Cunha, whose swerving shot stings Petrovic’s palms!
74 mins: Mainoo moves forward and tries to find Sesko, but Senesi does well to nick the ball away.
73 mins: From a Bournemouth corner, Amad leads a charge downfield and crosses for Mbeumo – but his attempted through ball to Shaw is overcooked.
72 mins: Sesko has joined Mbeumo up front, with Cunha dropping to the left. Gary Neville believes this is a proper back four, but I’m not sure – Dalot has moved to the right, but Shaw now seems to be further forward.
70 mins: Cunha’s shot is charged down, leading to big calls for handball – but in the meantime, the rebound lands to Mbeumo, who blazes over from five yards out! He’s had chances tonight but just seems to keep snatching at them.
68 mins: Two more United changes – Lisandro Martínez replaces Yoro, and Benjamin Sesko is on for Mount. The big striker was due back from a knee injury but then suffered a bout of food poisoning.
66 mins: An unconvincing night for Petrovic continues, as the keeper palms Cunha’s cross-shot off the bar and behind. The corner ricochets into his arms, while Smith is left on the deck and looks a little dazed.
64 mins: United are far from resigned to defeat here, still poking plenty of holes in the visiting defence. Mount hooks in a teasing cross that evades Petrovic – but Cunha is just in the wrong place and the ball sails beyond him.
“When was the last time United lost a league game at home after having the lead at half-time?” asks F. “I am thinking it must be close to 40 years.” It’s never happened in the Premier League era, and I think the last time was in 1984, against Ipswich Town.
62 mins: Mainoo’s energy is needed in midfield, where Casemiro and Fernandes have been getting overrun. On the edge of the Bournemouth area, Mount finds Mbeumo, whose hurried shot lacks any real power.
61 mins: Amorim makes his first change, and it’s a popular one with the home fans – Kobbie Mainoo is coming on for Casemiro!
60 mins: At the other end, frustrated home fans urge Amad, then Mbeumo, then Fernandes to shoot from the edge of the area, and groan as the latter tries a scoop pass that doesn’t come off.
59 mins: United give the ball away and Bournemouth have a three-on-three – but Heaven does well to read Kluivert’s pass and clear the danger.
58 mins: Amad sends a cross skipping and bouncing across the area, but nobody is there to meet it and Mount can’t keep it in on the far side.
“To play like Bournemouth requires self-belief,” says Kari Tulinius. “If a lesser side gave up a goal as silly as United’s second, heads could drop. Especially given their run lately. But they back themselves, and now they’re ahead.” Yes, credit where it’s due. The United of the first half don’t seem to be out here now, though.
55 mins: United are trying to haul themselves off the canvas, but Fernandes sends a chipped cross well behind Petrovic’s goal.
54 mins: Gary Neville thinks Lammers should have done better with that Tavernier free kick, suggesting the keeper was caught on his heels. I think he was unsighted by Fernandes and Cunha, who left a big gap between them for some reason."
21,skysports,https://www.skysports.com/football/news/11095/13482198/man-utd-4-4-bournemouth-ruben-amorims-experimental-side-held-to-thrilling-draw-by-cherries,"Man Utd 4-4 Bournemouth: Ruben Amorim's experimental side in 'game of the season' thriller against Cherries
Report and free match highlights as Man Utd and Bournemouth play out one of the Premier League games of the season; Ruben Amorim experimented with a back four in a departure from his 3-4-3 system
Tuesday 16 December 2025 03:21, UK
Manchester United and Bournemouth traded blows in a thrilling 4-4 draw that saw Ruben Amorim make the first changes to his formation since taking over at Old Trafford.
In a riveting, rollercoaster contest, that Jamie Carragher subsequently hailed as ""the best game of the Premier League season so far"":
- United raced out of the blocks, taking a deserved lead and produced 17 first-half shots - the most by any Premier League team in the first 45 minutes of a game this season
- But Bournemouth responded with two goals straight after half-time before a Bruno Fernandes free-kick then made it 3-3.
- United took the lead again through a sharp finish by Matheus Cunha before Eli Junior Kroupi equalised again for the visitors. And there was still drama in added-on time with United goalkeeper Senne Lammens denying David Brooks a late winner.
- Significantly, the game also featured formation changes from Manchester United boss Ruben Amorim, with United deployed in a 4-4-2 formation for the first time since Amorim took charge at Old Trafford over a year ago.
Amorim changes shape as United produce first-half fireworks
Amorim has staunchly defended his 3-4-3 system, but looked to be playing a tweaked or even entirely altered formation from kick-off. And the middle of the second half, he had thrown caution to the wind and gone for a 4-2-4.
The changes certainly worked with Manchester United dominant in the first half and making a deserved breakthrough in the 13th minute when Amad Diallo nodded home on his final appearance before the Africa Cup of Nations.
- As it happened | Teams | Stats
- Live Premier League table | Watch PL highlights for free
- Got Sky? Watch PL games LIVE on your phone📱
- Not got Sky? Get Sky Sports or stream with no contract on NOW📺
But their good play going forward was undone when Luke Shaw was too easily barged out of the way, allowing Antoine Semenyo to power forward. He then swept home, with the goal coming against the run of play.
Deservedly though, Casemiro nodded Manchester United back in front on the stroke of half-time from a corner - the hosts' seventh from the set piece this season, with only Arsenal (9) scoring more.
But just seven minutes after the break, the Red Devils somehow found themselves 3-2 behind. Bournemouth equalised with a brilliant finish from Evanilson 38 seconds into the second half, before Marcus Tavernier curled a wonderful free-kick into the bottom left corner.
Then it was Manchester United's turn to score two quick goals to restore their lead as the pendulum swung back the other way. Bruno Fernandes scored a wonderful free-kick to level, before Cunha turned home inside a packed box as the ball fell kindly his way.
But the drama wasn't over yet.
Bournemouth hit back again to round off an incredible eight-goal thriller. Eli Junior Kroupi - just on as a substitute - added to the raft of high-quality goals as he squeezed through the central defenders before arrowing home his effort.
The result moves Manchester United into sixth place on 26 points - level with Crystal Palace, Liverpool and Sunderland. Bournemouth are nudged up into 13th spot.
'Best I've seen Man Utd play under Amorim'
Sky Sports' Jamie Carragher on Monday Night Football:
""We have just seen the best game of the Premier League season so far. That's what makes the Premier League the greatest league, the greatest product or whatever you want to call it, in the world.""
""I think it's the best I've seen Manchester United play, certainly in the first half, under Amorim, maybe going back to the first game of the season with Arsenal.
""Manchester United were fantastic in those first 25 to 30 minutes. It was almost a throwback to Sir Alex Ferguson - fast, attacking football, people being energetic, making runs forward, being positive, being on the front foot, winning the ball back early. There was lots of that.
""Bournemouth were not at the races in the first half but they were fantastic in the second half.""
Amorim: The result should be different
Manchester United boss Ruben Amorim to Sky Sports:
""A fun game. We started really well, did a very good first half. The result should be completely different.
""We lost the concentration and they scored two goals. But we managed to get back to the game, we scored two goals again and then we have to finish the game.
""We need to think about not to go again, but to take calm and to close the game. A lot of good things, but a lot of things to work.
""We are not winning games sometimes in the details because it's a back four, back three, back five. It's the details that we need to work, understand the momentum of the game. You need to be more clinical, because today against a very good team we create so many chances to win the game.
""We need to focus on the performance today, different from the last two at home. That is also a point that we pay attention to. The result is the same and at one point, it's frustrating, but the performance is different.""
Iraola: A game that had everything
Bournemouth boss Andoni Iraola to Sky Sports:
""It had everything. Moments where you think it's a loss, moments where you think we have this one, we are comfortable.
""Even at the end, at the last minute, two clear chances, and I was thinking, 'maybe win this one'. It's just a point, it's not a lot in the standings, but I think we can take good and bad things from today.
""We are two teams that play quite aggressively, quite open and probably today we attacked much better than we defended. The second goal is a cheap goal, a cheap one for us to concede. The corner is not even a great header.
""We finished really well the first half. When we scored the 1-1 we were feeling comfortable and were finishing the half much better. That's why the goal we conceded just from the corner has hurt me because we were in a good moment.
""You didn't even know if we were happy finishing the game, or give us one minute more."""
